[07:48:17] [ServerMain/INFO]: [bootstrap] Running Java 25 (OpenJDK 64-Bit Server VM 25.0.1+8-LTS; Microsoft Microsoft-12574222) on Linux 6.8.0-1044-azure (amd64)
[07:48:17] [ServerMain/INFO]: [bootstrap] Loading Paper 1.21.11-126-main@3f5728e (2026-02-28T11:49:07Z) for Minecraft 1.21.11
[07:48:18] [ServerMain/INFO]: [PluginInitializerManager] Initializing plugins...
[07:48:18] [ServerMain/ERROR]: [DirectoryProviderSource] Error preparing plugin context: Directory 'plugins/one-playersleep-1.1.0-beta1.jar' failed to update!
java.lang.RuntimeException: Directory 'plugins/one-playersleep-1.1.0-beta1.jar' failed to update!
	at io.papermc.paper.plugin.provider.source.FileProviderSource.prepareContext(FileProviderSource.java:61) ~[paper-1.21.11.jar:1.21.11-126-3f5728e]
	at io.papermc.paper.plugin.provider.source.DirectoryProviderSource.lambda$prepareContext$1(DirectoryProviderSource.java:44) ~[paper-1.21.11.jar:1.21.11-126-3f5728e]
	at java.base/java.util.stream.ForEachOps$ForEachOp$OfRef.accept(ForEachOps.java:186) ~[?:?]
	at java.base/java.util.stream.ReferencePipeline$2$1.accept(ReferencePipeline.java:197) ~[?:?]
	at java.base/java.util.stream.ReferencePipeline$3$1.accept(ReferencePipeline.java:214) ~[?:?]
	at java.base/java.util.Iterator.forEachRemaining(Iterator.java:133) ~[?:?]
	at java.base/java.util.Spliterators$IteratorSpliterator.forEachRemaining(Spliterators.java:1939) ~[?:?]
	at java.base/java.util.stream.AbstractPipeline.copyInto(AbstractPipeline.java:570) ~[?:?]
	at java.base/java.util.stream.AbstractPipeline.wrapAndCopyInto(AbstractPipeline.java:560) ~[?:?]
	at java.base/java.util.stream.ForEachOps$ForEachOp.evaluateSequential(ForEachOps.java:153) ~[?:?]
	at java.base/java.util.stream.ForEachOps$ForEachOp$OfRef.evaluateSequential(ForEachOps.java:176) ~[?:?]
	at java.base/java.util.stream.AbstractPipeline.evaluate(AbstractPipeline.java:265) ~[?:?]
	at java.base/java.util.stream.ReferencePipeline.forEach(ReferencePipeline.java:632) ~[?:?]
	at io.papermc.paper.plugin.provider.source.DirectoryProviderSource.walkFiles(DirectoryProviderSource.java:75) ~[paper-1.21.11.jar:1.21.11-126-3f5728e]
	at io.papermc.paper.plugin.provider.source.DirectoryProviderSource.prepareContext(DirectoryProviderSource.java:42) ~[paper-1.21.11.jar:1.21.11-126-3f5728e]
	at io.papermc.paper.plugin.provider.source.DirectoryProviderSource.prepareContext(DirectoryProviderSource.java:17) ~[paper-1.21.11.jar:1.21.11-126-3f5728e]
	at io.papermc.paper.plugin.util.EntrypointUtil.registerProvidersFromSource(EntrypointUtil.java:14) ~[paper-1.21.11.jar:1.21.11-126-3f5728e]
	at io.papermc.paper.plugin.PluginInitializerManager.load(PluginInitializerManager.java:113) ~[paper-1.21.11.jar:1.21.11-126-3f5728e]
	at net.minecraft.server.Main.main(Main.java:108) ~[paper-1.21.11.jar:1.21.11-126-3f5728e]
	at io.papermc.paper.PaperBootstrap.boot(PaperBootstrap.java:21) ~[paper-1.21.11.jar:1.21.11-126-3f5728e]
	at org.bukkit.craftbukkit.Main.main(Main.java:204) ~[paper-1.21.11.jar:1.21.11-126-3f5728e]
	at io.papermc.paperclip.Paperclip.lambda$main$0(Paperclip.java:42) ~[?:?]
	at java.base/java.lang.Thread.run(Thread.java:1474) ~[?:?]
Caused by: org.bukkit.plugin.InvalidPluginException: java.lang.IllegalArgumentException: plugins/one-playersleep-1.1.0-beta1.jar does not contain a paper-plugin.yml or plugin.yml! Could not determine plugin type, cannot load a plugin from it!
	at io.papermc.paper.plugin.provider.source.FileProviderSource.checkUpdate(FileProviderSource.java:141) ~[paper-1.21.11.jar:1.21.11-126-3f5728e]
	at io.papermc.paper.plugin.provider.source.FileProviderSource.prepareContext(FileProviderSource.java:59) ~[paper-1.21.11.jar:1.21.11-126-3f5728e]
	... 22 more
Caused by: java.lang.IllegalArgumentException: plugins/one-playersleep-1.1.0-beta1.jar does not contain a paper-plugin.yml or plugin.yml! Could not determine plugin type, cannot load a plugin from it!
	at io.papermc.paper.plugin.provider.source.FileProviderSource.getPluginName(FileProviderSource.java:150) ~[paper-1.21.11.jar:1.21.11-126-3f5728e]
	at io.papermc.paper.plugin.provider.source.FileProviderSource.checkUpdate(FileProviderSource.java:111) ~[paper-1.21.11.jar:1.21.11-126-3f5728e]
	... 23 more
[07:48:19] [ServerMain/INFO]: [PluginInitializerManager] Initialized 11 plugins
[07:48:19] [ServerMain/INFO]: [PluginInitializerManager] Bukkit plugins (11):
 - BetterTeams (5.0.0), Essentials (2.21.2), JustTPA (20250220c), KyrenLifesteal2 (v1.0), SetHome (0.1), SimpleLogin (1.15.2), SkinsRestorer (15.11.0), TAB (5.5.0), ViaBackwards (5.7.1-SNAPSHOT), ViaVersion (5.7.1-SNAPSHOT), playit-gg (0.2.0)
[07:48:25] [ServerMain/INFO]: Environment: Environment[sessionHost=https://sessionserver.mojang.com, servicesHost=https://api.minecraftservices.com, profilesHost=https://api.mojang.com, name=PROD]
[07:48:28] [ServerMain/INFO]: Loaded 1470 recipes
[07:48:28] [ServerMain/INFO]: Loaded 1584 advancements
[07:48:28] [ServerMain/INFO]: [ca.spottedleaf.dataconverter.minecraft.datatypes.MCTypeRegistry] Initialising converters for DataConverter...
[07:48:28] [ServerMain/INFO]: [ca.spottedleaf.dataconverter.minecraft.datatypes.MCTypeRegistry] Finished initialising converters for DataConverter in 375.3ms
[07:48:28] [Server thread/INFO]: Starting minecraft server version 1.21.11
[07:48:28] [Server thread/INFO]: Loading properties
[07:48:28] [Server thread/INFO]: This server is running Paper version 1.21.11-126-main@3f5728e (2026-02-28T11:49:07Z) (Implementing API version 1.21.11-R0.1-SNAPSHOT)
[07:48:28] [Server thread/INFO]: [spark] This server bundles the spark profiler. For more information please visit https://docs.papermc.io/paper/profiling
[07:48:29] [Server thread/INFO]: Server Ping Player Sample Count: 12
[07:48:29] [Server thread/INFO]: Using 4 threads for Netty based IO
[07:48:29] [Server thread/INFO]: [MoonriseCommon] Paper is using 1 worker threads, 1 I/O threads
[07:48:29] [Server thread/INFO]: Default game type: SURVIVAL
[07:48:29] [Server thread/INFO]: Generating keypair
[07:48:30] [Server thread/INFO]: Starting Minecraft server on *:25565
[07:48:30] [Server thread/INFO]: Paper: Using libdeflate (Linux x86_64) compression from Velocity.
[07:48:30] [Server thread/INFO]: Paper: Using OpenSSL 3.x.x (Linux x86_64) cipher from Velocity.
[07:48:30] [Server thread/INFO]: [ViaVersion] Loading server plugin ViaVersion v5.7.1-SNAPSHOT
[07:48:30] [Server thread/INFO]: [ViaVersion] ViaVersion 5.7.1-SNAPSHOT is now loaded. Registering protocol transformers and injecting...
[07:48:31] [Via-Mappingloader-1/INFO]: [ViaVersion] Loading block connection mappings ...
[07:48:31] [Via-Mappingloader-1/INFO]: [ViaVersion] Using FastUtil Long2ObjectOpenHashMap for block connections
[07:48:31] [Server thread/INFO]: [ViaBackwards] Loading translations...
[07:48:31] [Server thread/INFO]: [ViaBackwards] Registering protocols...
[07:48:32] [Server thread/INFO]: [ViaBackwards] Loading server plugin ViaBackwards v5.7.1-SNAPSHOT
[07:48:32] [Server thread/INFO]: [SkinsRestorer] Loading server plugin SkinsRestorer v15.11.0
[07:48:32] [Server thread/INFO]: [BetterTeams] Loading server plugin BetterTeams v5.0.0
[07:48:32] [Server thread/INFO]: [BetterTeams] [BetterTeams] Checking if the file config.yml is up to date
[07:48:32] [Server thread/INFO]: [BetterTeams] [BetterTeams] File is up to date
[07:48:32] [Server thread/INFO]: [JustTPA] Loading server plugin JustTPA v20250220c
[07:48:32] [Server thread/INFO]: [SetHome] Loading server plugin SetHome v0.1
[07:48:32] [Server thread/INFO]: [playit-gg] Loading server plugin playit-gg v0.2.0
[07:48:32] [Server thread/INFO]: [Essentials] Loading server plugin Essentials v2.21.2
[07:48:32] [Server thread/INFO]: [KyrenLifesteal2] Loading server plugin KyrenLifesteal2 vv1.0
[07:48:32] [Server thread/INFO]: [TAB] Loading server plugin TAB v5.5.0
[07:48:32] [Server thread/INFO]: [SimpleLogin] Loading server plugin SimpleLogin v1.15.2
[07:48:32] [Server thread/INFO]: Server permissions file permissions.yml is empty, ignoring it
[07:48:32] [Server thread/INFO]: [SkinsRestorer] Enabling SkinsRestorer v15.11.0
[07:48:33] [Server thread/INFO]: [SkinsRestorer] Running on Minecraft 1.21.11.
[07:48:33] [Server thread/INFO]: [SkinsRestorer] Using paper join listener!
[07:48:33] [Server thread/WARN]: **** SERVER IS RUNNING IN OFFLINE/INSECURE MODE!
[07:48:33] [Server thread/WARN]: The server will make no attempt to authenticate usernames. Beware.
[07:48:33] [Server thread/WARN]: While this makes the game possible to play without internet access, it also opens up the ability for hackers to connect with any username they choose.
[07:48:33] [Server thread/WARN]: To change this, set "online-mode" to "true" in the server.properties file.
[07:48:33] [Server thread/INFO]: Preparing level "world"
[07:48:33] [Folia Async Scheduler Thread #1/WARN]: [SkinsRestorer] Failed to get release info from api.github.com. 
 If this message is repeated a lot, please see https://skinsrestorer.net/firewall
[07:48:33] [Server thread/INFO]: [ca.spottedleaf.moonrise.common.util.MoonriseConstants] NUMA enable flag is not set; however there is NUMA interaction support for this OS.
[07:48:33] [Server thread/INFO]: [ca.spottedleaf.moonrise.common.util.MoonriseConstants] Detected 1 NUMA nodes.
[07:48:33] [Server thread/INFO]: Loading 0 persistent chunks for world 'minecraft:overworld'...
[07:48:33] [Server thread/INFO]: Preparing spawn area: 100%
[07:48:33] [Server thread/INFO]: Prepared spawn area in 1 ms
[07:48:33] [Server thread/INFO]: Loading 0 persistent chunks for world 'minecraft:the_nether'...
[07:48:33] [Server thread/INFO]: Prepared spawn area in 1 ms
[07:48:33] [Server thread/INFO]: Loading 0 persistent chunks for world 'minecraft:the_end'...
[07:48:33] [Server thread/INFO]: Prepared spawn area in 0 ms
[07:48:33] [Server thread/INFO]: Done preparing level "world" (0.444s)
[07:48:33] [Server thread/INFO]: [ViaVersion] Enabling ViaVersion v5.7.1-SNAPSHOT
[07:48:33] [Server thread/INFO]: [ViaVersion] ViaVersion detected server version: 1.21.11 (774)
[07:48:34] [Server thread/INFO]: [ViaBackwards] Enabling ViaBackwards v5.7.1-SNAPSHOT
[07:48:34] [Server thread/INFO]: [BetterTeams] Enabling BetterTeams v5.0.0
[07:48:34] [Server thread/INFO]: [BetterTeams] MessageSender declared: com.booksaw.betterTeams.message.AdventureMessageSender@77a49ed4
[07:48:34] [Server thread/INFO]: [BetterTeams] [BetterTeams] Checking if the file messages.yml is up to date
[07:48:34] [Server thread/INFO]: [BetterTeams] [BetterTeams] File is up to date
[07:48:34] [Server thread/INFO]: [BetterTeams] Initializing extensions...
[07:48:34] [Server thread/INFO]: [BetterTeams] No extensions to load
[07:48:34] [Server thread/INFO]: [BetterTeams] Display team name config value: prefix
[07:48:34] [Server thread/INFO]: [BetterTeams] Loading below name. Type: PREFIX
[07:48:34] [Server thread/INFO]: [BetterTeams] teamManagement declared: com.booksaw.betterTeams.events.MCTeamManagement@5cc6554c
[07:48:34] [Server thread/INFO]: [JustTPA] Enabling JustTPA v20250220c
[07:48:34] [Server thread/INFO]: [JustTPA] JustTPA initialized
[07:48:34] [Server thread/INFO]: [JustTPA] bStats enabled
[07:48:34] [Server thread/INFO]: [JustTPA] Checking for updates...
[07:48:34] [Server thread/INFO]: [SetHome] Enabling SetHome v0.1
[07:48:34] [Server thread/INFO]: [playit-gg] Enabling playit-gg v0.2.0
[07:48:35] [Thread-10/INFO]: [gg.playit.minecraft.PlayitKeysSetup] secret key found, checking
[07:48:35] [Thread-10/INFO]: [gg.playit.minecraft.PlayitKeysSetup] check secret
[07:48:35] [Server thread/INFO]: [Essentials] Enabling Essentials v2.21.2
[07:48:35] [Server thread/ERROR]: [Essentials] You are running an unsupported server version!
[07:48:35] [Server thread/INFO]: [Essentials] Attempting to convert old kits in config.yml to new kits.yml
[07:48:35] [Server thread/INFO]: [Essentials] No kits found to migrate.
[07:48:35] [Server thread/INFO]: [Essentials] Selected 1.20.4+ Damage Event Provider as the provider for DamageEventProvider
[07:48:35] [Server thread/INFO]: [Essentials] Selected 1.21.4+ Sync Commands Provider as the provider for SyncCommandsProvider
[07:48:35] [Server thread/INFO]: [Essentials] Selected Paper Known Commands Provider as the provider for KnownCommandsProvider
[07:48:35] [Server thread/INFO]: [Essentials] Selected Reflection Formatted Command Alias Provider as the provider for FormattedCommandAliasProvider
[07:48:35] [Server thread/INFO]: [Essentials] Selected 1.20.6+ Potion Meta Provider as the provider for PotionMetaProvider
[07:48:35] [Server thread/INFO]: [Essentials] Selected Paper Server State Provider as the provider for ServerStateProvider
[07:48:35] [Server thread/INFO]: [Essentials] Selected 1.13+ Spawn Egg Provider as the provider for SpawnEggProvider
[07:48:35] [Server thread/INFO]: [Essentials] Selected Paper Container Provider as the provider for ContainerProvider
[07:48:35] [Server thread/INFO]: [Essentials] Selected Legacy Biome Name Provider as the provider for BiomeNameProvider
[07:48:35] [Server thread/INFO]: [Essentials] Selected 1.21+ InventoryView Interface ABI Provider as the provider for InventoryViewProvider
[07:48:35] [Server thread/INFO]: [Essentials] Selected Reflection Online Mode Provider as the provider for OnlineModeProvider
[07:48:35] [Server thread/INFO]: [Essentials] Selected 1.20.5+ Banner Data Provider as the provider for BannerDataProvider
[07:48:35] [Server thread/INFO]: [Essentials] Selected Paper Serialization Provider as the provider for SerializationProvider
[07:48:35] [Server thread/INFO]: [Essentials] Selected Paper Biome Key Provider as the provider for BiomeKeyProvider
[07:48:35] [Server thread/INFO]: [Essentials] Selected 1.12.2+ Player Locale Provider as the provider for PlayerLocaleProvider
[07:48:35] [Server thread/INFO]: [Essentials] Selected Paper Tick Count Provider as the provider for TickCountProvider
[07:48:35] [Server thread/INFO]: [Essentials] Selected 1.12+ Spawner Block Provider as the provider for SpawnerBlockProvider
[07:48:35] [Server thread/INFO]: [Essentials] Selected 1.14+ Sign Data Provider as the provider for SignDataProvider
[07:48:35] [Server thread/INFO]: [Essentials] Selected 1.14.4+ Persistent Data Container Provider as the provider for PersistentDataProvider
[07:48:35] [Server thread/INFO]: [Essentials] Selected 1.11+ Item Unbreakable Provider as the provider for ItemUnbreakableProvider
[07:48:35] [Server thread/INFO]: [Essentials] Selected 1.8.3+ Spawner Item Provider as the provider for SpawnerItemProvider
[07:48:35] [Server thread/INFO]: [Essentials] Selected Paper Material Tag Provider as the provider for MaterialTagProvider
[07:48:35] [Server thread/INFO]: [Essentials] Selected 1.17.1+ World Info Provider as the provider for WorldInfoProvider
[07:48:35] [Thread-10/INFO]: [gg.playit.minecraft.PlayitKeysSetup] secret verified, ready to connect
[07:48:35] [Thread-10/INFO]: [gg.playit.minecraft.PlayitManager] keys setup complete, ready to connect
[07:48:35] [Server thread/INFO]: [Essentials] Loaded 43880 items from items.json.
[07:48:35] [Server thread/INFO]: [Essentials] Using locale en
[07:48:36] [Server thread/INFO]: [Essentials] ServerListPingEvent: Spigot iterator API
[07:48:36] [Thread-10/WARN]: [gg.playit.control.ChannelSetup] Got IO error working with :/[2602:fbaf:840:1:0:0:0:1]:5525, error : java.net.SocketException: Network is unreachable
[07:48:36] [Server thread/INFO]: [Essentials] Starting Metrics. Opt-out using the global bStats config.
[07:48:36] [Server thread/INFO]: [Essentials] Using superperms-based permissions.
[07:48:36] [Server thread/INFO]: [KyrenLifesteal2] Enabling KyrenLifesteal2 vv1.0
[07:48:36] [Thread-10/INFO]: [gg.playit.control.ChannelSetup] request queued, waiting 1 second before resend
[07:48:36] [Server thread/ERROR]: [org.bukkit.configuration.serialization.ConfigurationSerialization] Could not call method 'public static org.bukkit.inventory.meta.ItemMeta org.bukkit.craftbukkit.inventory.SerializableMeta.deserialize(java.util.Map) throws java.lang.Throwable' of class org.bukkit.craftbukkit.inventory.SerializableMeta for deserialization
java.lang.RuntimeException: Could not deserialize found primitive 
	at org.bukkit.craftbukkit.util.CraftNBTTagConfigSerializer.internalLegacyDeserialization(CraftNBTTagConfigSerializer.java:89) ~[paper-1.21.11.jar:1.21.11-126-3f5728e]
	at org.bukkit.craftbukkit.util.CraftNBTTagConfigSerializer.internalLegacyDeserialization(CraftNBTTagConfigSerializer.java:48) ~[paper-1.21.11.jar:1.21.11-126-3f5728e]
	at org.bukkit.craftbukkit.util.CraftNBTTagConfigSerializer.deserialize(CraftNBTTagConfigSerializer.java:40) ~[paper-1.21.11.jar:1.21.11-126-3f5728e]
	at org.bukkit.craftbukkit.inventory.CraftMetaItem.<init>(CraftMetaItem.java:806) ~[paper-1.21.11.jar:1.21.11-126-3f5728e]
	at java.base/jdk.internal.reflect.DirectConstructorHandleAccessor.newInstance(DirectConstructorHandleAccessor.java:62) ~[?:?]
	at java.base/java.lang.reflect.Constructor.newInstanceWithCaller(Constructor.java:499) ~[?:?]
	at java.base/java.lang.reflect.Constructor.newInstance(Constructor.java:483) ~[?:?]
	at org.bukkit.craftbukkit.inventory.SerializableMeta.deserialize(SerializableMeta.java:80) ~[paper-1.21.11.jar:1.21.11-126-3f5728e]
	at java.base/jdk.internal.reflect.DirectMethodHandleAccessor.invoke(DirectMethodHandleAccessor.java:104) ~[?:?]
	at java.base/java.lang.reflect.Method.invoke(Method.java:565) ~[?:?]
	at org.bukkit.configuration.serialization.ConfigurationSerialization.deserializeViaMethod(ConfigurationSerialization.java:87) ~[paper-api-1.21.11-R0.1-SNAPSHOT.jar:?]
	at org.bukkit.configuration.serialization.ConfigurationSerialization.deserialize(ConfigurationSerialization.java:129) ~[paper-api-1.21.11-R0.1-SNAPSHOT.jar:?]
	at org.bukkit.configuration.serialization.ConfigurationSerialization.deserializeObject(ConfigurationSerialization.java:209) ~[paper-api-1.21.11-R0.1-SNAPSHOT.jar:?]
	at org.bukkit.configuration.file.YamlConstructor$ConstructCustomObject.construct(YamlConstructor.java:58) ~[paper-api-1.21.11-R0.1-SNAPSHOT.jar:?]
	at org.yaml.snakeyaml.constructor.BaseConstructor.constructObjectNoCheck(BaseConstructor.java:264) ~[snakeyaml-2.2.jar:?]
	at org.yaml.snakeyaml.constructor.BaseConstructor.constructObject(BaseConstructor.java:247) ~[snakeyaml-2.2.jar:?]
	at org.yaml.snakeyaml.constructor.BaseConstructor.constructMapping2ndStep(BaseConstructor.java:576) ~[snakeyaml-2.2.jar:?]
	at org.yaml.snakeyaml.constructor.SafeConstructor.constructMapping2ndStep(SafeConstructor.java:210) ~[snakeyaml-2.2.jar:?]
	at org.yaml.snakeyaml.constructor.BaseConstructor.constructMapping(BaseConstructor.java:552) ~[snakeyaml-2.2.jar:?]
	at org.yaml.snakeyaml.constructor.SafeConstructor$ConstructYamlMap.construct(SafeConstructor.java:597) ~[snakeyaml-2.2.jar:?]
	at org.bukkit.configuration.file.YamlConstructor$ConstructCustomObject.construct(YamlConstructor.java:49) ~[paper-api-1.21.11-R0.1-SNAPSHOT.jar:?]
	at org.yaml.snakeyaml.constructor.BaseConstructor.constructObjectNoCheck(BaseConstructor.java:264) ~[snakeyaml-2.2.jar:?]
	at org.yaml.snakeyaml.constructor.BaseConstructor.constructObject(BaseConstructor.java:247) ~[snakeyaml-2.2.jar:?]
	at org.yaml.snakeyaml.constructor.BaseConstructor.constructSequenceStep2(BaseConstructor.java:464) ~[snakeyaml-2.2.jar:?]
	at org.yaml.snakeyaml.constructor.BaseConstructor.constructSequence(BaseConstructor.java:430) ~[snakeyaml-2.2.jar:?]
	at org.yaml.snakeyaml.constructor.SafeConstructor$ConstructYamlSeq.construct(SafeConstructor.java:574) ~[snakeyaml-2.2.jar:?]
	at org.yaml.snakeyaml.constructor.BaseConstructor.constructObjectNoCheck(BaseConstructor.java:264) ~[snakeyaml-2.2.jar:?]
	at org.yaml.snakeyaml.constructor.BaseConstructor.constructObject(BaseConstructor.java:247) ~[snakeyaml-2.2.jar:?]
	at org.bukkit.configuration.file.YamlConstructor.construct(YamlConstructor.java:37) ~[paper-api-1.21.11-R0.1-SNAPSHOT.jar:?]
	at org.bukkit.configuration.file.YamlConfiguration.fromNodeTree(YamlConfiguration.java:164) ~[paper-api-1.21.11-R0.1-SNAPSHOT.jar:?]
	at org.bukkit.configuration.file.YamlConfiguration.loadFromString(YamlConfiguration.java:121) ~[paper-api-1.21.11-R0.1-SNAPSHOT.jar:?]
	at org.bukkit.configuration.file.FileConfiguration.load(FileConfiguration.java:160) ~[paper-api-1.21.11-R0.1-SNAPSHOT.jar:?]
	at org.bukkit.configuration.file.YamlConfiguration.loadConfiguration(YamlConfiguration.java:339) ~[paper-api-1.21.11-R0.1-SNAPSHOT.jar:?]
	at org.bukkit.plugin.java.JavaPlugin.reloadConfig(JavaPlugin.java:179) ~[paper-api-1.21.11-R0.1-SNAPSHOT.jar:?]
	at org.bukkit.plugin.java.JavaPlugin.getConfig(JavaPlugin.java:149) ~[paper-api-1.21.11-R0.1-SNAPSHOT.jar:?]
	at KyrenLifesteal2-v1.0.jar//me.kyren223.kls.Kls.onEnable(Kls.java:42) ~[?:?]
	at org.bukkit.plugin.java.JavaPlugin.setEnabled(JavaPlugin.java:279) ~[paper-api-1.21.11-R0.1-SNAPSHOT.jar:?]
	at io.papermc.paper.plugin.manager.PaperPluginInstanceManager.enablePlugin(PaperPluginInstanceManager.java:207) ~[paper-1.21.11.jar:1.21.11-126-3f5728e]
	at io.papermc.paper.plugin.manager.PaperPluginManagerImpl.enablePlugin(PaperPluginManagerImpl.java:109) ~[paper-1.21.11.jar:1.21.11-126-3f5728e]
	at org.bukkit.plugin.SimplePluginManager.enablePlugin(SimplePluginManager.java:520) ~[paper-api-1.21.11-R0.1-SNAPSHOT.jar:?]
	at org.bukkit.craftbukkit.CraftServer.enablePlugin(CraftServer.java:639) ~[paper-1.21.11.jar:1.21.11-126-3f5728e]
	at org.bukkit.craftbukkit.CraftServer.enablePlugins(CraftServer.java:596) ~[paper-1.21.11.jar:1.21.11-126-3f5728e]
	at net.minecraft.server.MinecraftServer.initPostWorld(MinecraftServer.java:636) ~[paper-1.21.11.jar:1.21.11-126-3f5728e]
	at net.minecraft.server.dedicated.DedicatedServer.initServer(DedicatedServer.java:365) ~[paper-1.21.11.jar:1.21.11-126-3f5728e]
	at net.minecraft.server.MinecraftServer.runServer(MinecraftServer.java:1253) ~[paper-1.21.11.jar:1.21.11-126-3f5728e]
	at net.minecraft.server.MinecraftServer.lambda$spin$2(MinecraftServer.java:388) ~[paper-1.21.11.jar:1.21.11-126-3f5728e]
	at java.base/java.lang.Thread.run(Thread.java:1474) ~[?:?]
Caused by: com.mojang.brigadier.exceptions.CommandSyntaxException: Expected a valid unquoted string at position 0: <--[HERE]
[07:48:36] [Server thread/ERROR]: [org.bukkit.configuration.serialization.ConfigurationSerialization] Could not call method 'public static org.bukkit.inventory.meta.ItemMeta org.bukkit.craftbukkit.inventory.SerializableMeta.deserialize(java.util.Map) throws java.lang.Throwable' of class org.bukkit.craftbukkit.inventory.SerializableMeta for deserialization
java.lang.RuntimeException: Could not deserialize found primitive 
	at org.bukkit.craftbukkit.util.CraftNBTTagConfigSerializer.internalLegacyDeserialization(CraftNBTTagConfigSerializer.java:89) ~[paper-1.21.11.jar:1.21.11-126-3f5728e]
	at org.bukkit.craftbukkit.util.CraftNBTTagConfigSerializer.internalLegacyDeserialization(CraftNBTTagConfigSerializer.java:48) ~[paper-1.21.11.jar:1.21.11-126-3f5728e]
	at org.bukkit.craftbukkit.util.CraftNBTTagConfigSerializer.deserialize(CraftNBTTagConfigSerializer.java:40) ~[paper-1.21.11.jar:1.21.11-126-3f5728e]
	at org.bukkit.craftbukkit.inventory.CraftMetaItem.<init>(CraftMetaItem.java:806) ~[paper-1.21.11.jar:1.21.11-126-3f5728e]
	at java.base/jdk.internal.reflect.DirectConstructorHandleAccessor.newInstance(DirectConstructorHandleAccessor.java:62) ~[?:?]
	at java.base/java.lang.reflect.Constructor.newInstanceWithCaller(Constructor.java:499) ~[?:?]
	at java.base/java.lang.reflect.Constructor.newInstance(Constructor.java:483) ~[?:?]
	at org.bukkit.craftbukkit.inventory.SerializableMeta.deserialize(SerializableMeta.java:80) ~[paper-1.21.11.jar:1.21.11-126-3f5728e]
	at java.base/jdk.internal.reflect.DirectMethodHandleAccessor.invoke(DirectMethodHandleAccessor.java:104) ~[?:?]
	at java.base/java.lang.reflect.Method.invoke(Method.java:565) ~[?:?]
	at org.bukkit.configuration.serialization.ConfigurationSerialization.deserializeViaMethod(ConfigurationSerialization.java:87) ~[paper-api-1.21.11-R0.1-SNAPSHOT.jar:?]
	at org.bukkit.configuration.serialization.ConfigurationSerialization.deserialize(ConfigurationSerialization.java:129) ~[paper-api-1.21.11-R0.1-SNAPSHOT.jar:?]
	at org.bukkit.configuration.serialization.ConfigurationSerialization.deserializeObject(ConfigurationSerialization.java:209) ~[paper-api-1.21.11-R0.1-SNAPSHOT.jar:?]
	at org.bukkit.configuration.file.YamlConstructor$ConstructCustomObject.construct(YamlConstructor.java:58) ~[paper-api-1.21.11-R0.1-SNAPSHOT.jar:?]
	at org.yaml.snakeyaml.constructor.BaseConstructor.constructObjectNoCheck(BaseConstructor.java:264) ~[snakeyaml-2.2.jar:?]
	at org.yaml.snakeyaml.constructor.BaseConstructor.constructObject(BaseConstructor.java:247) ~[snakeyaml-2.2.jar:?]
	at org.yaml.snakeyaml.constructor.BaseConstructor.constructMapping2ndStep(BaseConstructor.java:576) ~[snakeyaml-2.2.jar:?]
	at org.yaml.snakeyaml.constructor.SafeConstructor.constructMapping2ndStep(SafeConstructor.java:210) ~[snakeyaml-2.2.jar:?]
	at org.yaml.snakeyaml.constructor.BaseConstructor.constructMapping(BaseConstructor.java:552) ~[snakeyaml-2.2.jar:?]
	at org.yaml.snakeyaml.constructor.SafeConstructor$ConstructYamlMap.construct(SafeConstructor.java:597) ~[snakeyaml-2.2.jar:?]
	at org.bukkit.configuration.file.YamlConstructor$ConstructCustomObject.construct(YamlConstructor.java:49) ~[paper-api-1.21.11-R0.1-SNAPSHOT.jar:?]
	at org.yaml.snakeyaml.constructor.BaseConstructor.constructObjectNoCheck(BaseConstructor.java:264) ~[snakeyaml-2.2.jar:?]
	at org.yaml.snakeyaml.constructor.BaseConstructor.constructObject(BaseConstructor.java:247) ~[snakeyaml-2.2.jar:?]
	at org.yaml.snakeyaml.constructor.BaseConstructor.constructSequenceStep2(BaseConstructor.java:464) ~[snakeyaml-2.2.jar:?]
	at org.yaml.snakeyaml.constructor.BaseConstructor.constructSequence(BaseConstructor.java:430) ~[snakeyaml-2.2.jar:?]
	at org.yaml.snakeyaml.constructor.SafeConstructor$ConstructYamlSeq.construct(SafeConstructor.java:574) ~[snakeyaml-2.2.jar:?]
	at org.yaml.snakeyaml.constructor.BaseConstructor.constructObjectNoCheck(BaseConstructor.java:264) ~[snakeyaml-2.2.jar:?]
	at org.yaml.snakeyaml.constructor.BaseConstructor.constructObject(BaseConstructor.java:247) ~[snakeyaml-2.2.jar:?]
	at org.bukkit.configuration.file.YamlConstructor.construct(YamlConstructor.java:37) ~[paper-api-1.21.11-R0.1-SNAPSHOT.jar:?]
	at org.bukkit.configuration.file.YamlConfiguration.fromNodeTree(YamlConfiguration.java:164) ~[paper-api-1.21.11-R0.1-SNAPSHOT.jar:?]
	at org.bukkit.configuration.file.YamlConfiguration.loadFromString(YamlConfiguration.java:121) ~[paper-api-1.21.11-R0.1-SNAPSHOT.jar:?]
	at org.bukkit.configuration.file.FileConfiguration.load(FileConfiguration.java:160) ~[paper-api-1.21.11-R0.1-SNAPSHOT.jar:?]
	at org.bukkit.configuration.file.YamlConfiguration.loadConfiguration(YamlConfiguration.java:339) ~[paper-api-1.21.11-R0.1-SNAPSHOT.jar:?]
	at org.bukkit.plugin.java.JavaPlugin.reloadConfig(JavaPlugin.java:179) ~[paper-api-1.21.11-R0.1-SNAPSHOT.jar:?]
	at org.bukkit.plugin.java.JavaPlugin.getConfig(JavaPlugin.java:149) ~[paper-api-1.21.11-R0.1-SNAPSHOT.jar:?]
	at KyrenLifesteal2-v1.0.jar//me.kyren223.kls.Kls.onEnable(Kls.java:42) ~[?:?]
	at org.bukkit.plugin.java.JavaPlugin.setEnabled(JavaPlugin.java:279) ~[paper-api-1.21.11-R0.1-SNAPSHOT.jar:?]
	at io.papermc.paper.plugin.manager.PaperPluginInstanceManager.enablePlugin(PaperPluginInstanceManager.java:207) ~[paper-1.21.11.jar:1.21.11-126-3f5728e]
	at io.papermc.paper.plugin.manager.PaperPluginManagerImpl.enablePlugin(PaperPluginManagerImpl.java:109) ~[paper-1.21.11.jar:1.21.11-126-3f5728e]
	at org.bukkit.plugin.SimplePluginManager.enablePlugin(SimplePluginManager.java:520) ~[paper-api-1.21.11-R0.1-SNAPSHOT.jar:?]
	at org.bukkit.craftbukkit.CraftServer.enablePlugin(CraftServer.java:639) ~[paper-1.21.11.jar:1.21.11-126-3f5728e]
	at org.bukkit.craftbukkit.CraftServer.enablePlugins(CraftServer.java:596) ~[paper-1.21.11.jar:1.21.11-126-3f5728e]
	at net.minecraft.server.MinecraftServer.initPostWorld(MinecraftServer.java:636) ~[paper-1.21.11.jar:1.21.11-126-3f5728e]
	at net.minecraft.server.dedicated.DedicatedServer.initServer(DedicatedServer.java:365) ~[paper-1.21.11.jar:1.21.11-126-3f5728e]
	at net.minecraft.server.MinecraftServer.runServer(MinecraftServer.java:1253) ~[paper-1.21.11.jar:1.21.11-126-3f5728e]
	at net.minecraft.server.MinecraftServer.lambda$spin$2(MinecraftServer.java:388) ~[paper-1.21.11.jar:1.21.11-126-3f5728e]
	at java.base/java.lang.Thread.run(Thread.java:1474) ~[?:?]
Caused by: com.mojang.brigadier.exceptions.CommandSyntaxException: Expected a valid unquoted string at position 0: <--[HERE]
[07:48:36] [Server thread/ERROR]: [org.bukkit.configuration.serialization.ConfigurationSerialization] Could not call method 'public static org.bukkit.inventory.meta.ItemMeta org.bukkit.craftbukkit.inventory.SerializableMeta.deserialize(java.util.Map) throws java.lang.Throwable' of class org.bukkit.craftbukkit.inventory.SerializableMeta for deserialization
java.lang.RuntimeException: Could not deserialize found primitive 
	at org.bukkit.craftbukkit.util.CraftNBTTagConfigSerializer.internalLegacyDeserialization(CraftNBTTagConfigSerializer.java:89) ~[paper-1.21.11.jar:1.21.11-126-3f5728e]
	at org.bukkit.craftbukkit.util.CraftNBTTagConfigSerializer.internalLegacyDeserialization(CraftNBTTagConfigSerializer.java:48) ~[paper-1.21.11.jar:1.21.11-126-3f5728e]
	at org.bukkit.craftbukkit.util.CraftNBTTagConfigSerializer.deserialize(CraftNBTTagConfigSerializer.java:40) ~[paper-1.21.11.jar:1.21.11-126-3f5728e]
	at org.bukkit.craftbukkit.inventory.CraftMetaItem.<init>(CraftMetaItem.java:806) ~[paper-1.21.11.jar:1.21.11-126-3f5728e]
	at java.base/jdk.internal.reflect.DirectConstructorHandleAccessor.newInstance(DirectConstructorHandleAccessor.java:62) ~[?:?]
	at java.base/java.lang.reflect.Constructor.newInstanceWithCaller(Constructor.java:499) ~[?:?]
	at java.base/java.lang.reflect.Constructor.newInstance(Constructor.java:483) ~[?:?]
	at org.bukkit.craftbukkit.inventory.SerializableMeta.deserialize(SerializableMeta.java:80) ~[paper-1.21.11.jar:1.21.11-126-3f5728e]
	at java.base/jdk.internal.reflect.DirectMethodHandleAccessor.invoke(DirectMethodHandleAccessor.java:104) ~[?:?]
	at java.base/java.lang.reflect.Method.invoke(Method.java:565) ~[?:?]
	at org.bukkit.configuration.serialization.ConfigurationSerialization.deserializeViaMethod(ConfigurationSerialization.java:87) ~[paper-api-1.21.11-R0.1-SNAPSHOT.jar:?]
	at org.bukkit.configuration.serialization.ConfigurationSerialization.deserialize(ConfigurationSerialization.java:129) ~[paper-api-1.21.11-R0.1-SNAPSHOT.jar:?]
	at org.bukkit.configuration.serialization.ConfigurationSerialization.deserializeObject(ConfigurationSerialization.java:209) ~[paper-api-1.21.11-R0.1-SNAPSHOT.jar:?]
	at org.bukkit.configuration.file.YamlConstructor$ConstructCustomObject.construct(YamlConstructor.java:58) ~[paper-api-1.21.11-R0.1-SNAPSHOT.jar:?]
	at org.yaml.snakeyaml.constructor.BaseConstructor.constructObjectNoCheck(BaseConstructor.java:264) ~[snakeyaml-2.2.jar:?]
	at org.yaml.snakeyaml.constructor.BaseConstructor.constructObject(BaseConstructor.java:247) ~[snakeyaml-2.2.jar:?]
	at org.yaml.snakeyaml.constructor.BaseConstructor.constructMapping2ndStep(BaseConstructor.java:576) ~[snakeyaml-2.2.jar:?]
	at org.yaml.snakeyaml.constructor.SafeConstructor.constructMapping2ndStep(SafeConstructor.java:210) ~[snakeyaml-2.2.jar:?]
	at org.yaml.snakeyaml.constructor.BaseConstructor.constructMapping(BaseConstructor.java:552) ~[snakeyaml-2.2.jar:?]
	at org.yaml.snakeyaml.constructor.SafeConstructor$ConstructYamlMap.construct(SafeConstructor.java:597) ~[snakeyaml-2.2.jar:?]
	at org.bukkit.configuration.file.YamlConstructor$ConstructCustomObject.construct(YamlConstructor.java:49) ~[paper-api-1.21.11-R0.1-SNAPSHOT.jar:?]
	at org.yaml.snakeyaml.constructor.BaseConstructor.constructObjectNoCheck(BaseConstructor.java:264) ~[snakeyaml-2.2.jar:?]
	at org.yaml.snakeyaml.constructor.BaseConstructor.constructObject(BaseConstructor.java:247) ~[snakeyaml-2.2.jar:?]
	at org.yaml.snakeyaml.constructor.BaseConstructor.constructSequenceStep2(BaseConstructor.java:464) ~[snakeyaml-2.2.jar:?]
	at org.yaml.snakeyaml.constructor.BaseConstructor.constructSequence(BaseConstructor.java:430) ~[snakeyaml-2.2.jar:?]
	at org.yaml.snakeyaml.constructor.SafeConstructor$ConstructYamlSeq.construct(SafeConstructor.java:574) ~[snakeyaml-2.2.jar:?]
	at org.yaml.snakeyaml.constructor.BaseConstructor.constructObjectNoCheck(BaseConstructor.java:264) ~[snakeyaml-2.2.jar:?]
	at org.yaml.snakeyaml.constructor.BaseConstructor.constructObject(BaseConstructor.java:247) ~[snakeyaml-2.2.jar:?]
	at org.bukkit.configuration.file.YamlConstructor.construct(YamlConstructor.java:37) ~[paper-api-1.21.11-R0.1-SNAPSHOT.jar:?]
	at org.bukkit.configuration.file.YamlConfiguration.fromNodeTree(YamlConfiguration.java:164) ~[paper-api-1.21.11-R0.1-SNAPSHOT.jar:?]
	at org.bukkit.configuration.file.YamlConfiguration.loadFromString(YamlConfiguration.java:121) ~[paper-api-1.21.11-R0.1-SNAPSHOT.jar:?]
	at org.bukkit.configuration.file.FileConfiguration.load(FileConfiguration.java:160) ~[paper-api-1.21.11-R0.1-SNAPSHOT.jar:?]
	at org.bukkit.configuration.file.YamlConfiguration.loadConfiguration(YamlConfiguration.java:339) ~[paper-api-1.21.11-R0.1-SNAPSHOT.jar:?]
	at org.bukkit.plugin.java.JavaPlugin.reloadConfig(JavaPlugin.java:179) ~[paper-api-1.21.11-R0.1-SNAPSHOT.jar:?]
	at org.bukkit.plugin.java.JavaPlugin.getConfig(JavaPlugin.java:149) ~[paper-api-1.21.11-R0.1-SNAPSHOT.jar:?]
	at KyrenLifesteal2-v1.0.jar//me.kyren223.kls.Kls.onEnable(Kls.java:42) ~[?:?]
	at org.bukkit.plugin.java.JavaPlugin.setEnabled(JavaPlugin.java:279) ~[paper-api-1.21.11-R0.1-SNAPSHOT.jar:?]
	at io.papermc.paper.plugin.manager.PaperPluginInstanceManager.enablePlugin(PaperPluginInstanceManager.java:207) ~[paper-1.21.11.jar:1.21.11-126-3f5728e]
	at io.papermc.paper.plugin.manager.PaperPluginManagerImpl.enablePlugin(PaperPluginManagerImpl.java:109) ~[paper-1.21.11.jar:1.21.11-126-3f5728e]
	at org.bukkit.plugin.SimplePluginManager.enablePlugin(SimplePluginManager.java:520) ~[paper-api-1.21.11-R0.1-SNAPSHOT.jar:?]
	at org.bukkit.craftbukkit.CraftServer.enablePlugin(CraftServer.java:639) ~[paper-1.21.11.jar:1.21.11-126-3f5728e]
	at org.bukkit.craftbukkit.CraftServer.enablePlugins(CraftServer.java:596) ~[paper-1.21.11.jar:1.21.11-126-3f5728e]
	at net.minecraft.server.MinecraftServer.initPostWorld(MinecraftServer.java:636) ~[paper-1.21.11.jar:1.21.11-126-3f5728e]
	at net.minecraft.server.dedicated.DedicatedServer.initServer(DedicatedServer.java:365) ~[paper-1.21.11.jar:1.21.11-126-3f5728e]
	at net.minecraft.server.MinecraftServer.runServer(MinecraftServer.java:1253) ~[paper-1.21.11.jar:1.21.11-126-3f5728e]
	at net.minecraft.server.MinecraftServer.lambda$spin$2(MinecraftServer.java:388) ~[paper-1.21.11.jar:1.21.11-126-3f5728e]
	at java.base/java.lang.Thread.run(Thread.java:1474) ~[?:?]
Caused by: com.mojang.brigadier.exceptions.CommandSyntaxException: Expected a valid unquoted string at position 0: <--[HERE]
[07:48:36] [Server thread/ERROR]: [org.bukkit.configuration.serialization.ConfigurationSerialization] Could not call method 'public static org.bukkit.inventory.meta.ItemMeta org.bukkit.craftbukkit.inventory.SerializableMeta.deserialize(java.util.Map) throws java.lang.Throwable' of class org.bukkit.craftbukkit.inventory.SerializableMeta for deserialization
java.lang.RuntimeException: Could not deserialize found primitive 
	at org.bukkit.craftbukkit.util.CraftNBTTagConfigSerializer.internalLegacyDeserialization(CraftNBTTagConfigSerializer.java:89) ~[paper-1.21.11.jar:1.21.11-126-3f5728e]
	at org.bukkit.craftbukkit.util.CraftNBTTagConfigSerializer.internalLegacyDeserialization(CraftNBTTagConfigSerializer.java:48) ~[paper-1.21.11.jar:1.21.11-126-3f5728e]
	at org.bukkit.craftbukkit.util.CraftNBTTagConfigSerializer.deserialize(CraftNBTTagConfigSerializer.java:40) ~[paper-1.21.11.jar:1.21.11-126-3f5728e]
	at org.bukkit.craftbukkit.inventory.CraftMetaItem.<init>(CraftMetaItem.java:806) ~[paper-1.21.11.jar:1.21.11-126-3f5728e]
	at java.base/jdk.internal.reflect.DirectConstructorHandleAccessor.newInstance(DirectConstructorHandleAccessor.java:62) ~[?:?]
	at java.base/java.lang.reflect.Constructor.newInstanceWithCaller(Constructor.java:499) ~[?:?]
	at java.base/java.lang.reflect.Constructor.newInstance(Constructor.java:483) ~[?:?]
	at org.bukkit.craftbukkit.inventory.SerializableMeta.deserialize(SerializableMeta.java:80) ~[paper-1.21.11.jar:1.21.11-126-3f5728e]
	at java.base/jdk.internal.reflect.DirectMethodHandleAccessor.invoke(DirectMethodHandleAccessor.java:104) ~[?:?]
	at java.base/java.lang.reflect.Method.invoke(Method.java:565) ~[?:?]
	at org.bukkit.configuration.serialization.ConfigurationSerialization.deserializeViaMethod(ConfigurationSerialization.java:87) ~[paper-api-1.21.11-R0.1-SNAPSHOT.jar:?]
	at org.bukkit.configuration.serialization.ConfigurationSerialization.deserialize(ConfigurationSerialization.java:129) ~[paper-api-1.21.11-R0.1-SNAPSHOT.jar:?]
	at org.bukkit.configuration.serialization.ConfigurationSerialization.deserializeObject(ConfigurationSerialization.java:209) ~[paper-api-1.21.11-R0.1-SNAPSHOT.jar:?]
	at org.bukkit.configuration.file.YamlConstructor$ConstructCustomObject.construct(YamlConstructor.java:58) ~[paper-api-1.21.11-R0.1-SNAPSHOT.jar:?]
	at org.yaml.snakeyaml.constructor.BaseConstructor.constructObjectNoCheck(BaseConstructor.java:264) ~[snakeyaml-2.2.jar:?]
	at org.yaml.snakeyaml.constructor.BaseConstructor.constructObject(BaseConstructor.java:247) ~[snakeyaml-2.2.jar:?]
	at org.yaml.snakeyaml.constructor.BaseConstructor.constructMapping2ndStep(BaseConstructor.java:576) ~[snakeyaml-2.2.jar:?]
	at org.yaml.snakeyaml.constructor.SafeConstructor.constructMapping2ndStep(SafeConstructor.java:210) ~[snakeyaml-2.2.jar:?]
	at org.yaml.snakeyaml.constructor.BaseConstructor.constructMapping(BaseConstructor.java:552) ~[snakeyaml-2.2.jar:?]
	at org.yaml.snakeyaml.constructor.SafeConstructor$ConstructYamlMap.construct(SafeConstructor.java:597) ~[snakeyaml-2.2.jar:?]
	at org.bukkit.configuration.file.YamlConstructor$ConstructCustomObject.construct(YamlConstructor.java:49) ~[paper-api-1.21.11-R0.1-SNAPSHOT.jar:?]
	at org.yaml.snakeyaml.constructor.BaseConstructor.constructObjectNoCheck(BaseConstructor.java:264) ~[snakeyaml-2.2.jar:?]
	at org.yaml.snakeyaml.constructor.BaseConstructor.constructObject(BaseConstructor.java:247) ~[snakeyaml-2.2.jar:?]
	at org.yaml.snakeyaml.constructor.BaseConstructor.constructSequenceStep2(BaseConstructor.java:464) ~[snakeyaml-2.2.jar:?]
	at org.yaml.snakeyaml.constructor.BaseConstructor.constructSequence(BaseConstructor.java:430) ~[snakeyaml-2.2.jar:?]
	at org.yaml.snakeyaml.constructor.SafeConstructor$ConstructYamlSeq.construct(SafeConstructor.java:574) ~[snakeyaml-2.2.jar:?]
	at org.yaml.snakeyaml.constructor.BaseConstructor.constructObjectNoCheck(BaseConstructor.java:264) ~[snakeyaml-2.2.jar:?]
	at org.yaml.snakeyaml.constructor.BaseConstructor.constructObject(BaseConstructor.java:247) ~[snakeyaml-2.2.jar:?]
	at org.bukkit.configuration.file.YamlConstructor.construct(YamlConstructor.java:37) ~[paper-api-1.21.11-R0.1-SNAPSHOT.jar:?]
	at org.bukkit.configuration.file.YamlConfiguration.fromNodeTree(YamlConfiguration.java:164) ~[paper-api-1.21.11-R0.1-SNAPSHOT.jar:?]
	at org.bukkit.configuration.file.YamlConfiguration.loadFromString(YamlConfiguration.java:121) ~[paper-api-1.21.11-R0.1-SNAPSHOT.jar:?]
	at org.bukkit.configuration.file.FileConfiguration.load(FileConfiguration.java:160) ~[paper-api-1.21.11-R0.1-SNAPSHOT.jar:?]
	at org.bukkit.configuration.file.YamlConfiguration.loadConfiguration(YamlConfiguration.java:339) ~[paper-api-1.21.11-R0.1-SNAPSHOT.jar:?]
	at org.bukkit.plugin.java.JavaPlugin.reloadConfig(JavaPlugin.java:179) ~[paper-api-1.21.11-R0.1-SNAPSHOT.jar:?]
	at org.bukkit.plugin.java.JavaPlugin.getConfig(JavaPlugin.java:149) ~[paper-api-1.21.11-R0.1-SNAPSHOT.jar:?]
	at KyrenLifesteal2-v1.0.jar//me.kyren223.kls.Kls.onEnable(Kls.java:42) ~[?:?]
	at org.bukkit.plugin.java.JavaPlugin.setEnabled(JavaPlugin.java:279) ~[paper-api-1.21.11-R0.1-SNAPSHOT.jar:?]
	at io.papermc.paper.plugin.manager.PaperPluginInstanceManager.enablePlugin(PaperPluginInstanceManager.java:207) ~[paper-1.21.11.jar:1.21.11-126-3f5728e]
	at io.papermc.paper.plugin.manager.PaperPluginManagerImpl.enablePlugin(PaperPluginManagerImpl.java:109) ~[paper-1.21.11.jar:1.21.11-126-3f5728e]
	at org.bukkit.plugin.SimplePluginManager.enablePlugin(SimplePluginManager.java:520) ~[paper-api-1.21.11-R0.1-SNAPSHOT.jar:?]
	at org.bukkit.craftbukkit.CraftServer.enablePlugin(CraftServer.java:639) ~[paper-1.21.11.jar:1.21.11-126-3f5728e]
	at org.bukkit.craftbukkit.CraftServer.enablePlugins(CraftServer.java:596) ~[paper-1.21.11.jar:1.21.11-126-3f5728e]
	at net.minecraft.server.MinecraftServer.initPostWorld(MinecraftServer.java:636) ~[paper-1.21.11.jar:1.21.11-126-3f5728e]
	at net.minecraft.server.dedicated.DedicatedServer.initServer(DedicatedServer.java:365) ~[paper-1.21.11.jar:1.21.11-126-3f5728e]
	at net.minecraft.server.MinecraftServer.runServer(MinecraftServer.java:1253) ~[paper-1.21.11.jar:1.21.11-126-3f5728e]
	at net.minecraft.server.MinecraftServer.lambda$spin$2(MinecraftServer.java:388) ~[paper-1.21.11.jar:1.21.11-126-3f5728e]
	at java.base/java.lang.Thread.run(Thread.java:1474) ~[?:?]
Caused by: com.mojang.brigadier.exceptions.CommandSyntaxException: Expected a valid unquoted string at position 0: <--[HERE]
[07:48:36] [Server thread/INFO]: [KyrenLifesteal2] [STDOUT] MENU MANAGER HAS BEEN SETUP
[07:48:36] [Server thread/WARN]: Nag author(s): '[Kyren223]' of 'KyrenLifesteal2 vv1.0' about their usage of System.out/err.print. Please use your plugin's logger instead (JavaPlugin#getLogger).
[07:48:36] [Server thread/INFO]: [KyrenLifesteal2] [STDOUT] EssentialsPlayerListener
[07:48:36] [Server thread/INFO]: [KyrenLifesteal2] [STDOUT] InventoryListener
[07:48:36] [Server thread/INFO]: [TAB] Enabling TAB v5.5.0
[07:48:37] [Server thread/INFO]: [TAB] Enabled in 210ms
[07:48:37] [Server thread/INFO]: [SimpleLogin] Enabling SimpleLogin v1.15.2
[07:48:37] [Server thread/INFO]: [SimpleLogin] No old passwords.yml found. Skipping migration.
[07:48:37] [Server thread/INFO]: [SimpleLogin] SimpleLogin enabled!
[07:48:37] [Server thread/INFO]: [spark] Starting background profiler...
[07:48:37] [Server thread/INFO]: Running delayed init tasks
[07:48:37] [Craft Scheduler Thread - 2 - ViaVersion/INFO]: [ViaVersion] Finished mapping loading, shutting down loader executor.
[07:48:37] [Craft Scheduler Thread - 0 - Essentials/INFO]: [Essentials] Fetching version information...
[07:48:37] [Server thread/INFO]: [BetterTeams] Enabling extensions...
[07:48:37] [Server thread/INFO]: [gg.playit.minecraft.PlayitPipelineInjector] injected playit header decoder into server channel: [id: 0xefb7b324, L:/[0:0:0:0:0:0:0:0]:25565]
[07:48:37] [Server thread/INFO]: [gg.playit.minecraft.PlayitBukkit] playit header decoder injected into server pipeline
[07:48:37] [Server thread/INFO]: Done (20.983s)! For help, type "help"
[07:48:37] [Paper Async Task Handler Thread - 1/INFO]: *** Currently you are 1 build(s) behind ***
[07:48:37] [Paper Async Task Handler Thread - 1/INFO]: *** It is highly recommended to download the latest build from https://papermc.io/downloads/paper ***
[07:48:37] [Server thread/WARN]: [ViaVersion] There is a newer plugin version available: 5.7.2, you're on: 5.7.1-SNAPSHOT
[07:48:37] [Thread-10/INFO]: [gg.playit.minecraft.PlayitManager] found minecraft java tunnel: yodel-education.gl.joinmc.link
[07:48:37] [Thread-10/INFO]: playit.gg: tunnel setup
[07:48:37] [Thread-10/INFO]: playit.gg: yodel-education.gl.joinmc.link
[07:48:38] [Craft Scheduler Thread - 4 - JustTPA/WARN]: [JustTPA] Failed to check for updates
[07:48:38] [Craft Scheduler Thread - 0 - Essentials/WARN]: [Essentials] Unable to check your version! Self-built? Build information: id:'2.21.2' branch:'2.x' isDev:false.
[07:48:43] [Thread-10/INFO]: [gg.playit.minecraft.PlayitManager] got new client: NewClient{connectAddr=147.185.221.22:18055, peerAddr=103.82.78.169:13105, claimAddress=209.25.143.2:42760, claimToken=[44, 0, 108, -109, -71, -35, 22, 70, -121, 103, 82, 78, -87, 51, 49, 14, 8, 67, -93, -89, 8, 105, -77, -63, 91, 0, 0, 0, 0, 0, 17, 111, 31, 0, 0, 0, 0, 0, 89, 55, 13, 0, 0, 0, 0, 0, 52, 113, -48, -121, 126, -89, 8, 0, 0, 0, 0, 28, 0, 0, 0, 0, 0, 0, 0, 2, 0, 1, 0, 38, 37, 0, -122, 6, 30, 121, 111, 100, 101, 108, 45, 101, 100, 117, 99, 97, 116, 105, 111, 110, 46, 103, 108, 46, 106, 111, 105, 110, 109, 99, 46, 108, 105, 110, 107, 99, -35, 1, -91, 73, 125, 18, 80, -25, -69, -100, -27, 41, 50, -120, 81, 80, 1, -32], tunnelServerId=0, tunnelId=3437008, dataCenterId=28, portOffset=0}
[07:48:43] [Thread-10/INFO]: [gg.playit.minecraft.PlayitManager] starting tcp tunnel for client
[07:48:43] [Thread-10/INFO]: [gg.playit.minecraft.PlayitTcpTunnel] start connection to /209.25.143.2:42760 to claim client
[07:48:43] [nioEventLoopGroup-2-1/INFO]: [gg.playit.minecraft.PlayitTcpTunnel] connected to tunnel server, sending claim token
[07:48:43] [nioEventLoopGroup-2-1/INFO]: [gg.playit.minecraft.PlayitTcpTunnel] claim token sent
[07:48:43] [nioEventLoopGroup-2-1/INFO]: [gg.playit.minecraft.PlayitTcpTunnel] connection to tunnel server has been established
[07:48:43] [nioEventLoopGroup-2-1/INFO]: [gg.playit.minecraft.PlayitTcpTunnel] connecting to minecraft server at localhost/127.0.0.1:25565
[07:48:43] [nioEventLoopGroup-2-2/INFO]: [gg.playit.minecraft.PlayitTcpTunnel] connected to local minecraft server
[07:48:43] [Netty Epoll IO #1/INFO]: [gg.playit.minecraft.PlayitHeaderDecoder] parsed playit header, true client IP: /103.82.78.169:13105
[07:48:43] [Netty Epoll IO #1/INFO]: [gg.playit.minecraft.PlayitHeaderDecoder] updated connection address on handler: packet_handler
[07:48:45] [Thread-10/INFO]: [gg.playit.minecraft.PlayitManager] got new client: NewClient{connectAddr=147.185.221.22:18055, peerAddr=103.82.78.169:12452, claimAddress=209.25.143.2:42760, claimToken=[44, 0, 107, -109, -71, -35, 22, 70, -121, 103, 82, 78, -87, 48, -92, 5, 67, 0, 106, -89, 8, 105, -77, -63, 93, 0, 0, 0, 0, 0, 17, 111, 31, 0, 0, 0, 0, 0, 89, 55, 13, 0, 0, 0, 0, 0, 52, 113, -48, 89, 70, -89, 8, 0, 0, 0, 0, 28, 0, 0, 0, 0, 0, 0, 0, 2, 0, 2, 0, 37, 36, 0, -122, 6, 29, 121, 111, 100, 101, 108, 45, 101, 100, 117, 99, 97, 116, 105, 111, 110, 46, 103, 108, 46, 97, 116, 46, 112, 108, 121, 46, 103, 103, 46, 70, -121, 2, 55, -68, 107, 30, 79, -25, -92, 26, 15, 66, 105, -78, 26, 46, 72, 38], tunnelServerId=0, tunnelId=3437008, dataCenterId=28, portOffset=0}
[07:48:45] [Thread-10/INFO]: [gg.playit.minecraft.PlayitManager] starting tcp tunnel for client
[07:48:45] [Thread-10/INFO]: [gg.playit.minecraft.PlayitTcpTunnel] start connection to /209.25.143.2:42760 to claim client
[07:48:45] [nioEventLoopGroup-2-3/INFO]: [gg.playit.minecraft.PlayitTcpTunnel] connected to tunnel server, sending claim token
[07:48:45] [nioEventLoopGroup-2-3/INFO]: [gg.playit.minecraft.PlayitTcpTunnel] claim token sent
[07:48:45] [nioEventLoopGroup-2-3/INFO]: [gg.playit.minecraft.PlayitTcpTunnel] connection to tunnel server has been established
[07:48:45] [nioEventLoopGroup-2-3/INFO]: [gg.playit.minecraft.PlayitTcpTunnel] connecting to minecraft server at localhost/127.0.0.1:25565
[07:48:45] [nioEventLoopGroup-2-4/INFO]: [gg.playit.minecraft.PlayitTcpTunnel] connected to local minecraft server
[07:48:45] [Netty Epoll IO #2/INFO]: [gg.playit.minecraft.PlayitHeaderDecoder] parsed playit header, true client IP: /103.82.78.169:12452
[07:48:45] [Netty Epoll IO #2/INFO]: [gg.playit.minecraft.PlayitHeaderDecoder] updated connection address on handler: packet_handler
[07:48:45] [User Authenticator #0/INFO]: UUID of player LandeepSingh is 30db7395-db70-3869-9c53-3fa288b6f920
[07:48:45] [Server thread/INFO]: [HorriblePlayerLoginEventHack] You have plugins listening to the PlayerLoginEvent, this will cause re-configuration APIs to be unavailable: [Essentials]
[07:48:48] [TAB Processing Thread/INFO]: [TAB] [WARN] Player LandeepSingh's group (none) is not in sorting list! Sorting list: owner,admin,mod,helper,builder,vip,default. Player will be sorted on the bottom.
[07:48:48] [Server thread/INFO]: LandeepSingh joined the game
[07:48:48] [Server thread/INFO]: LandeepSingh[/103.82.78.169:12452] logged in with entity id 1 at ([world]1316.6542832551918, 69.0, 748.5559196574769)
[07:49:00] [Server thread/INFO]: LandeepSingh issued server command: /login <ansh001>
[07:49:08] [Server thread/INFO]: MUTHAL LandeepSingh has made the advancement [Voluntary Exile]
[07:52:36] [Thread-10/INFO]: [gg.playit.control.ChannelSetup] send keep alive
[07:54:35] [Server thread/INFO]: MUTHAL LandeepSingh has reached the goal [Postmortal]
[07:56:37] [Thread-10/INFO]: [gg.playit.control.ChannelSetup] send keep alive
[07:57:02] [Server thread/INFO]: MUTHAL LandeepSingh was slain by Vindicator
[07:57:16] [Server thread/INFO]: LandeepSingh issued server command: /home base
[07:57:35] [Server thread/INFO]: LandeepSingh issued server command: /team echest
[07:58:37] [Server thread/INFO]: MUTHAL LandeepSingh was slain by Vindicator
[08:00:37] [Thread-10/INFO]: [gg.playit.control.ChannelSetup] send keep alive
[08:04:38] [Thread-10/INFO]: [gg.playit.control.ChannelSetup] send keep alive
[08:06:10] [Server thread/INFO]: MUTHAL LandeepSingh has completed the challenge [Hero of the Village]
[08:08:38] [Thread-10/INFO]: [gg.playit.control.ChannelSetup] send keep alive
[08:08:50] [Thread-10/INFO]: [gg.playit.control.ChannelSetup] send keep alive
[08:10:25] [Server thread/INFO]: LandeepSingh issued server command: /team echest
[08:12:51] [Thread-10/INFO]: [gg.playit.control.ChannelSetup] send keep alive
[08:15:55] [nioEventLoopGroup-2-3/WARN]: [gg.playit.minecraft.PlayitTcpTunnel] failed to send data to tunnel
[08:15:55] [Server thread/INFO]: LandeepSingh lost connection: Disconnected
[08:15:55] [Server thread/INFO]: MUTHAL LandeepSingh left the game
[08:15:55] [Thread-10/INFO]: [gg.playit.minecraft.PlayitManager] got new client: NewClient{connectAddr=147.185.221.22:18055, peerAddr=103.82.78.169:12660, claimAddress=209.25.143.2:42760, claimToken=[44, 0, 108, -109, -71, -35, 22, 70, -121, 103, 82, 78, -87, 49, 116, -95, 32, -91, -98, -89, 8, 105, -77, -57, -69, 0, 0, 0, 0, 0, 17, 111, 31, 0, 0, 0, 0, 0, 89, 55, 13, 0, 0, 0, 0, 0, 52, 113, -48, 6, 121, -89, 8, 0, 0, 0, 0, 28, 0, 0, 0, 0, 0, 0, 0, 2, 0, 4, 0, 38, 37, 0, -122, 6, 30, 121, 111, 100, 101, 108, 45, 101, 100, 117, 99, 97, 116, 105, 111, 110, 46, 103, 108, 46, 106, 111, 105, 110, 109, 99, 46, 108, 105, 110, 107, 99, -35, 1, -104, -37, 100, -97, -13, -123, 43, 118, -95, -32, 109, -87, -35, -115, 52, 13], tunnelServerId=0, tunnelId=3437008, dataCenterId=28, portOffset=0}
[08:15:55] [Thread-10/INFO]: [gg.playit.minecraft.PlayitManager] starting tcp tunnel for client
[08:15:55] [Thread-10/INFO]: [gg.playit.minecraft.PlayitTcpTunnel] start connection to /209.25.143.2:42760 to claim client
[08:15:55] [nioEventLoopGroup-2-1/INFO]: [gg.playit.minecraft.PlayitTcpTunnel] connected to tunnel server, sending claim token
[08:15:55] [nioEventLoopGroup-2-1/INFO]: [gg.playit.minecraft.PlayitTcpTunnel] claim token sent
[08:15:55] [nioEventLoopGroup-2-1/INFO]: [gg.playit.minecraft.PlayitTcpTunnel] connection to tunnel server has been established
[08:15:55] [nioEventLoopGroup-2-1/INFO]: [gg.playit.minecraft.PlayitTcpTunnel] connecting to minecraft server at localhost/127.0.0.1:25565
[08:15:55] [nioEventLoopGroup-2-2/INFO]: [gg.playit.minecraft.PlayitTcpTunnel] connected to local minecraft server
[08:15:55] [Netty Epoll IO #3/INFO]: [gg.playit.minecraft.PlayitHeaderDecoder] parsed playit header, true client IP: /103.82.78.169:12660
[08:15:55] [Netty Epoll IO #3/INFO]: [gg.playit.minecraft.PlayitHeaderDecoder] updated connection address on handler: packet_handler
[08:15:59] [Thread-10/INFO]: [gg.playit.minecraft.PlayitManager] got new client: NewClient{connectAddr=147.185.221.22:18055, peerAddr=103.82.78.169:11767, claimAddress=209.25.143.2:42760, claimToken=[44, 0, 107, -109, -71, -35, 22, 70, -121, 103, 82, 78, -87, 45, -9, 44, -87, -64, -4, -89, 8, 105, -77, -57, -65, 0, 0, 0, 0, 0, 17, 111, 31, 0, 0, 0, 0, 0, 89, 55, 13, 0, 0, 0, 0, 0, 52, 113, -48, -55, -40, -89, 8, 0, 0, 0, 0, 28, 0, 0, 0, 0, 0, 0, 0, 2, 0, 3, 0, 37, 36, 0, -122, 6, 29, 121, 111, 100, 101, 108, 45, 101, 100, 117, 99, 97, 116, 105, 111, 110, 46, 103, 108, 46, 97, 116, 46, 112, 108, 121, 46, 103, 103, 46, 70, -121, 2, 58, 89, -14, -110, 92, 17, -106, -114, 102, -41, -72, 44, -57, -40, -105, 109], tunnelServerId=0, tunnelId=3437008, dataCenterId=28, portOffset=0}
[08:15:59] [Thread-10/INFO]: [gg.playit.minecraft.PlayitManager] starting tcp tunnel for client
[08:15:59] [Thread-10/INFO]: [gg.playit.minecraft.PlayitTcpTunnel] start connection to /209.25.143.2:42760 to claim client
[08:15:59] [nioEventLoopGroup-2-3/INFO]: [gg.playit.minecraft.PlayitTcpTunnel] connected to tunnel server, sending claim token
[08:15:59] [nioEventLoopGroup-2-3/INFO]: [gg.playit.minecraft.PlayitTcpTunnel] claim token sent
[08:15:59] [nioEventLoopGroup-2-3/INFO]: [gg.playit.minecraft.PlayitTcpTunnel] connection to tunnel server has been established
[08:15:59] [nioEventLoopGroup-2-3/INFO]: [gg.playit.minecraft.PlayitTcpTunnel] connecting to minecraft server at localhost/127.0.0.1:25565
[08:15:59] [nioEventLoopGroup-2-4/INFO]: [gg.playit.minecraft.PlayitTcpTunnel] connected to local minecraft server
[08:15:59] [Netty Epoll IO #0/INFO]: [gg.playit.minecraft.PlayitHeaderDecoder] parsed playit header, true client IP: /103.82.78.169:11767
[08:15:59] [Netty Epoll IO #0/INFO]: [gg.playit.minecraft.PlayitHeaderDecoder] updated connection address on handler: packet_handler
[08:16:00] [User Authenticator #1/INFO]: UUID of player LandeepSingh is 30db7395-db70-3869-9c53-3fa288b6f920
[08:16:00] [TAB Processing Thread/INFO]: [TAB] [WARN] Player LandeepSingh's group (none) is not in sorting list! Sorting list: owner,admin,mod,helper,builder,vip,default. Player will be sorted on the bottom.
[08:16:00] [Server thread/INFO]: LandeepSingh joined the game
[08:16:00] [Server thread/INFO]: LandeepSingh[/103.82.78.169:11767] logged in with entity id 6052 at ([world]1766.9670846107335, 65.0, 717.8147556414814)
[08:16:12] [Server thread/INFO]: LandeepSingh issued server command: /login <ansh001>
[08:16:29] [Thread-10/INFO]: [gg.playit.minecraft.PlayitManager] got new client: NewClient{connectAddr=147.185.221.22:18055, peerAddr=103.212.158.163:49179, claimAddress=209.25.143.2:43784, claimToken=[44, 0, 107, -109, -71, -35, 22, 70, -121, 103, -44, -98, -93, -64, 27, 91, 10, 93, -103, -85, 8, 105, -77, -57, -35, 0, 0, 0, 0, 0, 17, 111, 31, 0, 0, 0, 0, 0, 89, 55, 13, 0, 0, 0, 0, 0, 52, 113, -48, -68, 117, -85, 8, 0, 0, 0, 0, 28, 0, 0, 0, 0, 0, 0, 0, 2, 0, 0, 0, 37, 36, 0, -122, 6, 29, 121, 111, 100, 101, 108, 45, 101, 100, 117, 99, 97, 116, 105, 111, 110, 46, 103, 108, 46, 97, 116, 46, 112, 108, 121, 46, 103, 103, 46, 70, -121, 2, 101, 115, -76, 65, 83, 97, -22, 54, 9, 18, -81, 3, 52, 62, 22, -8], tunnelServerId=0, tunnelId=3437008, dataCenterId=28, portOffset=0}
[08:16:29] [Thread-10/INFO]: [gg.playit.minecraft.PlayitManager] starting tcp tunnel for client
[08:16:29] [Thread-10/INFO]: [gg.playit.minecraft.PlayitTcpTunnel] start connection to /209.25.143.2:43784 to claim client
[08:16:29] [nioEventLoopGroup-2-1/INFO]: [gg.playit.minecraft.PlayitTcpTunnel] connected to tunnel server, sending claim token
[08:16:29] [nioEventLoopGroup-2-1/INFO]: [gg.playit.minecraft.PlayitTcpTunnel] claim token sent
[08:16:29] [nioEventLoopGroup-2-1/INFO]: [gg.playit.minecraft.PlayitTcpTunnel] connection to tunnel server has been established
[08:16:29] [nioEventLoopGroup-2-1/INFO]: [gg.playit.minecraft.PlayitTcpTunnel] connecting to minecraft server at localhost/127.0.0.1:25565
[08:16:29] [nioEventLoopGroup-2-2/INFO]: [gg.playit.minecraft.PlayitTcpTunnel] connected to local minecraft server
[08:16:29] [Netty Epoll IO #1/INFO]: [gg.playit.minecraft.PlayitHeaderDecoder] parsed playit header, true client IP: /103.212.158.163:49179
[08:16:29] [Netty Epoll IO #1/INFO]: [gg.playit.minecraft.PlayitHeaderDecoder] updated connection address on handler: packet_handler
[08:16:29] [User Authenticator #1/INFO]: UUID of player Kabir_Dua is 660320b4-f589-3e1f-8222-c8528758d902
[08:16:31] [TAB Processing Thread/INFO]: [TAB] [WARN] Player Kabir_Dua's group (none) is not in sorting list! Sorting list: owner,admin,mod,helper,builder,vip,default. Player will be sorted on the bottom.
[08:16:31] [Server thread/INFO]: Kabir_Dua joined the game
[08:16:31] [Server thread/INFO]: Kabir_Dua[/103.212.158.163:49179] logged in with entity id 6150 at ([world_nether]-152.2804140725717, 60.0, -114.4544105382072)
[08:16:34] [Thread-10/INFO]: [gg.playit.minecraft.PlayitManager] got new client: NewClient{connectAddr=147.185.221.22:18055, peerAddr=103.212.158.163:49181, claimAddress=209.25.143.2:42760, claimToken=[44, 0, 107, -109, -71, -35, 22, 70, -121, 103, -44, -98, -93, -64, 29, -62, -51, 107, -106, -89, 8, 105, -77, -57, -30, 0, 0, 0, 0, 0, 17, 111, 31, 0, 0, 0, 0, 0, 89, 55, 13, 0, 0, 0, 0, 0, 52, 113, -48, 59, 114, -89, 8, 0, 0, 0, 0, 28, 0, 0, 0, 0, 0, 0, 0, 2, 0, 0, 0, 37, 36, 0, -122, 6, 29, 121, 111, 100, 101, 108, 45, 101, 100, 117, 99, 97, 116, 105, 111, 110, 46, 103, 108, 46, 97, 116, 46, 112, 108, 121, 46, 103, 103, 46, 70, -121, 2, 36, -24, -127, -103, 50, 24, -23, -70, 78, -117, 88, 107, -119, 46, -25, 112], tunnelServerId=0, tunnelId=3437008, dataCenterId=28, portOffset=0}
[08:16:34] [Thread-10/INFO]: [gg.playit.minecraft.PlayitManager] starting tcp tunnel for client
[08:16:34] [Thread-10/INFO]: [gg.playit.minecraft.PlayitTcpTunnel] start connection to /209.25.143.2:42760 to claim client
[08:16:34] [nioEventLoopGroup-2-3/INFO]: [gg.playit.minecraft.PlayitTcpTunnel] connected to tunnel server, sending claim token
[08:16:34] [nioEventLoopGroup-2-3/INFO]: [gg.playit.minecraft.PlayitTcpTunnel] claim token sent
[08:16:34] [nioEventLoopGroup-2-3/INFO]: [gg.playit.minecraft.PlayitTcpTunnel] connection to tunnel server has been established
[08:16:34] [nioEventLoopGroup-2-3/INFO]: [gg.playit.minecraft.PlayitTcpTunnel] connecting to minecraft server at localhost/127.0.0.1:25565
[08:16:34] [nioEventLoopGroup-2-4/INFO]: [gg.playit.minecraft.PlayitTcpTunnel] connected to local minecraft server
[08:16:34] [Netty Epoll IO #2/INFO]: [gg.playit.minecraft.PlayitHeaderDecoder] parsed playit header, true client IP: /103.212.158.163:49181
[08:16:34] [Netty Epoll IO #2/INFO]: [gg.playit.minecraft.PlayitHeaderDecoder] updated connection address on handler: packet_handler
[08:16:34] [User Authenticator #1/INFO]: UUID of player Kabir_Dua is 660320b4-f589-3e1f-8222-c8528758d902
[08:16:34] [Server thread/INFO]: Kabir_Dua lost connection: You logged in from another location
[08:16:34] [Server thread/INFO]: Kabir_Dua left the game
[08:16:34] [TAB Processing Thread/INFO]: [TAB] [WARN] Player Kabir_Dua's group (none) is not in sorting list! Sorting list: owner,admin,mod,helper,builder,vip,default. Player will be sorted on the bottom.
[08:16:34] [Server thread/INFO]: MUTHAL Kabir_Dua joined the game
[08:16:34] [Server thread/INFO]: Kabir_Dua[/103.212.158.163:49181] logged in with entity id 6267 at ([world_nether]-152.2804140725717, 60.0, -114.4544105382072)
[08:16:52] [Thread-10/INFO]: [gg.playit.control.ChannelSetup] send keep alive
[08:17:01] [Server thread/INFO]: Kabir_Dua issued server command: /login rgblights
[08:17:28] [Server thread/INFO]: Kabir_Dua issued server command: /team home
[08:17:45] [Server thread/INFO]: MUTHAL Kabir_Dua has made the advancement [Sweet Dreams]
[08:17:58] [Server thread/INFO]: LandeepSingh issued server command: /tpahere Kabir_Dua
[08:18:03] [Server thread/INFO]: Kabir_Dua issued server command: /tpaccept
[08:18:03] [Server thread/INFO]: MUTHAL Kabir_Dua was blown up by Creeper
[08:18:17] [Server thread/INFO]: LandeepSingh issued server command: /tpahere Kabir_Dua
[08:18:19] [Server thread/INFO]: LandeepSingh issued server command: /tpahere Kabir_Dua
[08:18:20] [Server thread/INFO]: LandeepSingh issued server command: /tpahere Kabir_Dua
[08:18:21] [Server thread/INFO]: LandeepSingh issued server command: /tpahere Kabir_Dua
[08:18:22] [Server thread/INFO]: LandeepSingh issued server command: /tpahere Kabir_Dua
[08:18:28] [Server thread/INFO]: LandeepSingh issued server command: /tpahere Kabir_Dua
[08:18:29] [Server thread/INFO]: Kabir_Dua issued server command: /tpa LandeepSingh
[08:18:34] [Server thread/INFO]: LandeepSingh issued server command: /tpaccept
[08:19:00] [Server thread/INFO]: LandeepSingh issued server command: /withdraw 1
[08:19:23] [Server thread/INFO]: Kabir_Dua issued server command: /team echest
[08:19:57] [Server thread/INFO]: Kabir_Dua issued server command: /team echest
[08:20:53] [Thread-10/INFO]: [gg.playit.control.ChannelSetup] send keep alive
[08:23:58] [Async Chat Thread - #0/INFO]: [Not Secure] [MUTHAL] <LandeepSingh> is bkt ko bol on aye
[08:24:05] [Async Chat Thread - #0/INFO]: [Not Secure] [MUTHAL] <LandeepSingh> ye humare base me h
[08:24:11] [Async Chat Thread - #0/INFO]: [Not Secure] [MUTHAL] <LandeepSingh> or base bhul gya m
[08:24:53] [Thread-10/INFO]: [gg.playit.control.ChannelSetup] send keep alive
[08:25:55] [Async Chat Thread - #2/INFO]: [Not Secure] [MUTHAL] <LandeepSingh> randi kja bacha ankush
[08:27:03] [Server thread/INFO]: LandeepSingh issued server command: /home
[08:27:07] [Server thread/INFO]: LandeepSingh issued server command: /team home
[08:28:15] [Async Chat Thread - #4/INFO]: [Not Secure] [MUTHAL] <LandeepSingh> kabir
[08:28:16] [Async Chat Thread - #4/INFO]: [Not Secure] [MUTHAL] <LandeepSingh> sun
[08:28:19] [Async Chat Thread - #5/INFO]: [Not Secure] [MUTHAL] <LandeepSingh> meri taraf se
[08:28:21] [Async Chat Thread - #5/INFO]: [Not Secure] [MUTHAL] <Kabir_Dua> bolo
[08:28:22] [Async Chat Thread - #5/INFO]: [Not Secure] [MUTHAL] <LandeepSingh> ankush ko khe
[08:28:24] [Async Chat Thread - #5/INFO]: [Not Secure] [MUTHAL] <LandeepSingh> ki
[08:28:44] [Async Chat Thread - #5/INFO]: [Not Secure] [MUTHAL] <LandeepSingh> wo online ayega tabhi mai tumhare liye books grind kr paunga
[08:28:53] [Async Chat Thread - #5/INFO]: [Not Secure] [MUTHAL] <LandeepSingh> merpe hero of the villagr h
[08:28:54] [Thread-10/INFO]: [gg.playit.control.ChannelSetup] send keep alive
[08:29:17] [Async Chat Thread - #5/INFO]: [Not Secure] [MUTHAL] <LandeepSingh> 17 min tk h
[08:29:19] [Async Chat Thread - #5/INFO]: [Not Secure] [MUTHAL] <LandeepSingh> bs
[08:29:54] [Async Chat Thread - #5/INFO]: [Not Secure] [MUTHAL] <LandeepSingh> iski gaand me danda ghusa dunga maiii
[08:31:02] [Server thread/INFO]: Villager Villager['Villager'/6939, uuid='a2583f48-62f3-4a22-a786-edb7d94ab06d', l='ServerLevel[world]', x=1817.83, y=72.00, z=1303.08, cpos=[113, 81], tl=11964, v=true] died, message: 'Villager was slain by Zombie'
[08:31:02] [Async Chat Thread - #6/INFO]: [Not Secure] [MUTHAL] <Kabir_Dua> bruh
[08:32:47] [nioEventLoopGroup-2-1/WARN]: [gg.playit.minecraft.PlayitTcpTunnel] failed to send data to tunnel
[08:32:47] [nioEventLoopGroup-2-1/WARN]: [gg.playit.minecraft.PlayitTcpTunnel] failed to send data to tunnel
[08:32:47] [nioEventLoopGroup-2-1/WARN]: [gg.playit.minecraft.PlayitTcpTunnel] failed to send data to tunnel
[08:32:47] [nioEventLoopGroup-2-1/WARN]: [gg.playit.minecraft.PlayitTcpTunnel] failed to send data to tunnel
[08:32:47] [nioEventLoopGroup-2-1/WARN]: [gg.playit.minecraft.PlayitTcpTunnel] failed to send data to tunnel
[08:32:47] [nioEventLoopGroup-2-1/WARN]: [gg.playit.minecraft.PlayitTcpTunnel] failed to send data to tunnel
[08:32:47] [nioEventLoopGroup-2-1/WARN]: [gg.playit.minecraft.PlayitTcpTunnel] failed to send data to tunnel
[08:32:47] [nioEventLoopGroup-2-1/WARN]: [gg.playit.minecraft.PlayitTcpTunnel] failed to send data to tunnel
[08:32:47] [nioEventLoopGroup-2-1/WARN]: [gg.playit.minecraft.PlayitTcpTunnel] failed to send data to tunnel
[08:32:47] [nioEventLoopGroup-2-1/WARN]: [gg.playit.minecraft.PlayitTcpTunnel] failed to send data to tunnel
[08:32:47] [nioEventLoopGroup-2-1/WARN]: [gg.playit.minecraft.PlayitTcpTunnel] failed to send data to tunnel
[08:32:47] [nioEventLoopGroup-2-1/WARN]: [gg.playit.minecraft.PlayitTcpTunnel] failed to send data to tunnel
[08:32:47] [nioEventLoopGroup-2-1/WARN]: [gg.playit.minecraft.PlayitTcpTunnel] failed to send data to tunnel
[08:32:47] [nioEventLoopGroup-2-1/WARN]: [gg.playit.minecraft.PlayitTcpTunnel] failed to send data to tunnel
[08:32:47] [nioEventLoopGroup-2-1/WARN]: [gg.playit.minecraft.PlayitTcpTunnel] failed to send data to tunnel
[08:32:47] [nioEventLoopGroup-2-1/WARN]: [gg.playit.minecraft.PlayitTcpTunnel] failed to send data to tunnel
[08:32:47] [nioEventLoopGroup-2-1/WARN]: [gg.playit.minecraft.PlayitTcpTunnel] failed to send data to tunnel
[08:32:47] [nioEventLoopGroup-2-1/WARN]: [gg.playit.minecraft.PlayitTcpTunnel] failed to send data to tunnel
[08:32:47] [nioEventLoopGroup-2-1/WARN]: [gg.playit.minecraft.PlayitTcpTunnel] failed to send data to tunnel
[08:32:47] [nioEventLoopGroup-2-1/WARN]: [gg.playit.minecraft.PlayitTcpTunnel] failed to send data to tunnel
[08:32:47] [nioEventLoopGroup-2-1/WARN]: [gg.playit.minecraft.PlayitTcpTunnel] failed to send data to tunnel
[08:32:47] [nioEventLoopGroup-2-1/WARN]: [gg.playit.minecraft.PlayitTcpTunnel] failed to send data to tunnel
[08:32:47] [nioEventLoopGroup-2-1/WARN]: [gg.playit.minecraft.PlayitTcpTunnel] failed to send data to tunnel
[08:32:47] [nioEventLoopGroup-2-1/WARN]: [gg.playit.minecraft.PlayitTcpTunnel] failed to send data to tunnel
[08:32:47] [nioEventLoopGroup-2-1/WARN]: [gg.playit.minecraft.PlayitTcpTunnel] failed to send data to tunnel
[08:32:47] [nioEventLoopGroup-2-1/WARN]: [gg.playit.minecraft.PlayitTcpTunnel] failed to send data to tunnel
[08:32:47] [nioEventLoopGroup-2-1/WARN]: [gg.playit.minecraft.PlayitTcpTunnel] failed to send data to tunnel
[08:32:47] [nioEventLoopGroup-2-1/WARN]: [gg.playit.minecraft.PlayitTcpTunnel] failed to send data to tunnel
[08:32:47] [nioEventLoopGroup-2-1/WARN]: [gg.playit.minecraft.PlayitTcpTunnel] failed to send data to tunnel
[08:32:47] [nioEventLoopGroup-2-1/WARN]: [gg.playit.minecraft.PlayitTcpTunnel] failed to send data to tunnel
[08:32:47] [nioEventLoopGroup-2-1/WARN]: [gg.playit.minecraft.PlayitTcpTunnel] failed to send data to tunnel
[08:32:47] [nioEventLoopGroup-2-1/WARN]: [gg.playit.minecraft.PlayitTcpTunnel] failed to send data to tunnel
[08:32:47] [nioEventLoopGroup-2-1/WARN]: [gg.playit.minecraft.PlayitTcpTunnel] failed to send data to tunnel
[08:32:47] [nioEventLoopGroup-2-1/WARN]: [gg.playit.minecraft.PlayitTcpTunnel] failed to send data to tunnel
[08:32:47] [nioEventLoopGroup-2-1/WARN]: [gg.playit.minecraft.PlayitTcpTunnel] failed to send data to tunnel
[08:32:47] [nioEventLoopGroup-2-1/WARN]: [gg.playit.minecraft.PlayitTcpTunnel] failed to send data to tunnel
[08:32:47] [nioEventLoopGroup-2-1/WARN]: [gg.playit.minecraft.PlayitTcpTunnel] failed to send data to tunnel
[08:32:47] [nioEventLoopGroup-2-1/WARN]: [gg.playit.minecraft.PlayitTcpTunnel] failed to send data to tunnel
[08:32:47] [nioEventLoopGroup-2-1/WARN]: [gg.playit.minecraft.PlayitTcpTunnel] failed to send data to tunnel
[08:32:47] [nioEventLoopGroup-2-1/WARN]: [gg.playit.minecraft.PlayitTcpTunnel] failed to send data to tunnel
[08:32:47] [nioEventLoopGroup-2-1/WARN]: [gg.playit.minecraft.PlayitTcpTunnel] failed to send data to tunnel
[08:32:47] [nioEventLoopGroup-2-1/WARN]: [gg.playit.minecraft.PlayitTcpTunnel] failed to send data to tunnel
[08:32:47] [nioEventLoopGroup-2-1/WARN]: [gg.playit.minecraft.PlayitTcpTunnel] failed to send data to tunnel
[08:32:47] [nioEventLoopGroup-2-1/WARN]: [gg.playit.minecraft.PlayitTcpTunnel] failed to send data to tunnel
[08:32:47] [nioEventLoopGroup-2-1/WARN]: [gg.playit.minecraft.PlayitTcpTunnel] failed to send data to tunnel
[08:32:47] [nioEventLoopGroup-2-1/WARN]: [gg.playit.minecraft.PlayitTcpTunnel] failed to send data to tunnel
[08:32:47] [nioEventLoopGroup-2-1/WARN]: [gg.playit.minecraft.PlayitTcpTunnel] failed to send data to tunnel
[08:32:47] [nioEventLoopGroup-2-1/WARN]: [gg.playit.minecraft.PlayitTcpTunnel] failed to send data to tunnel
[08:32:47] [nioEventLoopGroup-2-1/WARN]: [gg.playit.minecraft.PlayitTcpTunnel] failed to send data to tunnel
[08:32:47] [nioEventLoopGroup-2-1/WARN]: [gg.playit.minecraft.PlayitTcpTunnel] failed to send data to tunnel
[08:32:47] [nioEventLoopGroup-2-1/WARN]: [gg.playit.minecraft.PlayitTcpTunnel] failed to send data to tunnel
[08:32:47] [nioEventLoopGroup-2-1/WARN]: [gg.playit.minecraft.PlayitTcpTunnel] failed to send data to tunnel
[08:32:47] [nioEventLoopGroup-2-1/WARN]: [gg.playit.minecraft.PlayitTcpTunnel] failed to send data to tunnel
[08:32:47] [nioEventLoopGroup-2-1/WARN]: [gg.playit.minecraft.PlayitTcpTunnel] failed to send data to tunnel
[08:32:47] [nioEventLoopGroup-2-1/WARN]: [gg.playit.minecraft.PlayitTcpTunnel] failed to send data to tunnel
[08:32:47] [nioEventLoopGroup-2-1/WARN]: [gg.playit.minecraft.PlayitTcpTunnel] failed to send data to tunnel
[08:32:47] [nioEventLoopGroup-2-1/WARN]: [gg.playit.minecraft.PlayitTcpTunnel] failed to send data to tunnel
[08:32:47] [nioEventLoopGroup-2-1/WARN]: [gg.playit.minecraft.PlayitTcpTunnel] failed to send data to tunnel
[08:32:47] [nioEventLoopGroup-2-1/WARN]: [gg.playit.minecraft.PlayitTcpTunnel] failed to send data to tunnel
[08:32:47] [nioEventLoopGroup-2-1/WARN]: [gg.playit.minecraft.PlayitTcpTunnel] failed to send data to tunnel
[08:32:47] [nioEventLoopGroup-2-1/WARN]: [gg.playit.minecraft.PlayitTcpTunnel] failed to send data to tunnel
[08:32:47] [nioEventLoopGroup-2-1/WARN]: [gg.playit.minecraft.PlayitTcpTunnel] failed to send data to tunnel
[08:32:47] [nioEventLoopGroup-2-1/WARN]: [gg.playit.minecraft.PlayitTcpTunnel] failed to send data to tunnel
[08:32:47] [nioEventLoopGroup-2-1/WARN]: [gg.playit.minecraft.PlayitTcpTunnel] failed to send data to tunnel
[08:32:47] [nioEventLoopGroup-2-1/WARN]: [gg.playit.minecraft.PlayitTcpTunnel] failed to send data to tunnel
[08:32:47] [nioEventLoopGroup-2-1/WARN]: [gg.playit.minecraft.PlayitTcpTunnel] failed to send data to tunnel
[08:32:47] [nioEventLoopGroup-2-1/WARN]: [gg.playit.minecraft.PlayitTcpTunnel] failed to send data to tunnel
[08:32:47] [nioEventLoopGroup-2-1/WARN]: [gg.playit.minecraft.PlayitTcpTunnel] failed to send data to tunnel
[08:32:47] [nioEventLoopGroup-2-1/WARN]: [gg.playit.minecraft.PlayitTcpTunnel] failed to send data to tunnel
[08:32:47] [nioEventLoopGroup-2-1/WARN]: [gg.playit.minecraft.PlayitTcpTunnel] failed to send data to tunnel
[08:32:47] [nioEventLoopGroup-2-1/WARN]: [gg.playit.minecraft.PlayitTcpTunnel] failed to send data to tunnel
[08:32:47] [nioEventLoopGroup-2-1/WARN]: [gg.playit.minecraft.PlayitTcpTunnel] failed to send data to tunnel
[08:32:47] [nioEventLoopGroup-2-1/WARN]: [gg.playit.minecraft.PlayitTcpTunnel] failed to send data to tunnel
[08:32:47] [nioEventLoopGroup-2-1/WARN]: [gg.playit.minecraft.PlayitTcpTunnel] failed to send data to tunnel
[08:32:47] [nioEventLoopGroup-2-1/WARN]: [gg.playit.minecraft.PlayitTcpTunnel] failed to send data to tunnel
[08:32:47] [nioEventLoopGroup-2-1/WARN]: [gg.playit.minecraft.PlayitTcpTunnel] failed to send data to tunnel
[08:32:47] [nioEventLoopGroup-2-1/WARN]: [gg.playit.minecraft.PlayitTcpTunnel] failed to send data to tunnel
[08:32:49] [Async Chat Thread - #8/INFO]: [Not Secure] [MUTHAL] <LandeepSingh> bhahii
[08:32:52] [Async Chat Thread - #8/INFO]: [Not Secure] [MUTHAL] <LandeepSingh> isko bol online ajaye
[08:32:54] [Async Chat Thread - #9/INFO]: [Not Secure] [MUTHAL] <LandeepSingh> yr
[08:32:54] [Thread-10/INFO]: [gg.playit.control.ChannelSetup] send keep alive
[08:32:56] [Async Chat Thread - #9/INFO]: [Not Secure] [MUTHAL] <LandeepSingh> plss
[08:32:58] [Async Chat Thread - #9/INFO]: [Not Secure] [MUTHAL] <LandeepSingh> plss
[08:33:01] [Async Chat Thread - #9/INFO]: [Not Secure] [MUTHAL] <LandeepSingh> request h
[08:33:03] [Async Chat Thread - #9/INFO]: [Not Secure] [MUTHAL] <LandeepSingh> isko bol
[08:33:05] [Async Chat Thread - #9/INFO]: [Not Secure] [MUTHAL] <LandeepSingh> isko bol online ajaye
[08:33:09] [Async Chat Thread - #9/INFO]: [Not Secure] [MUTHAL] <LandeepSingh> pls
[08:33:10] [Async Chat Thread - #9/INFO]: [Not Secure] [MUTHAL] <LandeepSingh> ek bari
[08:33:13] [Async Chat Thread - #9/INFO]: [Not Secure] [MUTHAL] <LandeepSingh> ek bari bula le
[08:35:32] [Server thread/INFO]: LandeepSingh issued server command: /team home
[08:36:55] [Thread-10/INFO]: [gg.playit.control.ChannelSetup] send keep alive
[08:38:03] [Server thread/INFO]: LandeepSingh issued server command: /tpahere Kabir_Dua
[08:38:07] [Server thread/INFO]: Kabir_Dua issued server command: /tpa LandeepSingh
[08:38:10] [Server thread/INFO]: LandeepSingh issued server command: /tpaccept
[08:38:18] [Server thread/INFO]: Kabir_Dua issued server command: /team echest
[08:38:57] [Async Chat Thread - #10/INFO]: [Not Secure] [MUTHAL] <Kabir_Dua> anhs meri awaaz nhi aarhi??
[08:38:57] [Server thread/WARN]: Kabir_Dua moved too quickly! -1.863194739083383,-2.0013359791121417,-9.642267340791932
[08:38:57] [Async Chat Thread - #10/INFO]: [Not Secure] [MUTHAL] <Kabir_Dua> anhs meri awaaz nhi aarhi??
[08:38:59] [Server thread/WARN]: LandeepSingh moved too quickly! -7.673339394499408,-0.24918707874468282,-7.749723936152691
[08:39:05] [Async Chat Thread - #10/INFO]: [Not Secure] [MUTHAL] <LandeepSingh> kuch bol
[08:39:09] [Async Chat Thread - #10/INFO]: [Not Secure] [MUTHAL] <LandeepSingh> aa rhi h
[08:40:24] [Thread-10/INFO]: [gg.playit.minecraft.PlayitManager] got new client: NewClient{connectAddr=147.185.221.22:18055, peerAddr=103.46.202.163:58289, claimAddress=209.25.143.2:43784, claimToken=[44, 0, 108, -109, -71, -35, 22, 70, -121, 103, 46, -54, -93, -29, -79, -46, 77, 8, -11, -85, 8, 105, -77, -51, 120, 0, 0, 0, 0, 0, 17, 111, 31, 0, 0, 0, 0, 0, 89, 55, 13, 0, 0, 0, 0, 0, 52, 113, -48, 66, -48, -85, 8, 0, 0, 0, 0, 28, 0, 0, 0, 0, 0, 0, 0, 2, 0, 0, 0, 38, 37, 0, -122, 6, 30, 89, 111, 100, 101, 108, 45, 101, 100, 117, 99, 97, 116, 105, 111, 110, 46, 103, 108, 46, 106, 111, 105, 110, 109, 99, 46, 108, 105, 110, 107, 99, -35, 1, -81, -33, 37, -75, 92, 97, 31, -28, 1, 108, 13, -117, 28, -122, -112, 22], tunnelServerId=0, tunnelId=3437008, dataCenterId=28, portOffset=0}
[08:40:24] [Thread-10/INFO]: [gg.playit.minecraft.PlayitManager] starting tcp tunnel for client
[08:40:24] [Thread-10/INFO]: [gg.playit.minecraft.PlayitTcpTunnel] start connection to /209.25.143.2:43784 to claim client
[08:40:24] [Thread-10/INFO]: [gg.playit.minecraft.PlayitManager] got new client: NewClient{connectAddr=147.185.221.22:18055, peerAddr=103.46.202.163:58287, claimAddress=209.25.143.2:43784, claimToken=[44, 0, 107, -109, -71, -35, 22, 70, -121, 103, 46, -54, -93, -29, -81, -14, -37, 58, -122, -85, 8, 105, -77, -51, 120, 0, 0, 0, 0, 0, 17, 111, 31, 0, 0, 0, 0, 0, 89, 55, 13, 0, 0, 0, 0, 0, 52, 113, -48, -78, 98, -85, 8, 0, 0, 0, 0, 28, 0, 0, 0, 0, 0, 0, 0, 2, 0, 5, 0, 37, 36, 0, -122, 6, 29, 121, 111, 100, 101, 108, 45, 101, 100, 117, 99, 97, 116, 105, 111, 110, 46, 103, 108, 46, 97, 116, 46, 112, 108, 121, 46, 103, 103, 46, 70, -121, 2, -87, -10, -116, 26, 77, -91, -9, 58, -128, 55, -70, -94, -19, 68, 108, 22], tunnelServerId=0, tunnelId=3437008, dataCenterId=28, portOffset=0}
[08:40:24] [Thread-10/INFO]: [gg.playit.minecraft.PlayitManager] starting tcp tunnel for client
[08:40:24] [Thread-10/INFO]: [gg.playit.minecraft.PlayitTcpTunnel] start connection to /209.25.143.2:43784 to claim client
[08:40:24] [nioEventLoopGroup-2-1/INFO]: [gg.playit.minecraft.PlayitTcpTunnel] connected to tunnel server, sending claim token
[08:40:24] [nioEventLoopGroup-2-1/INFO]: [gg.playit.minecraft.PlayitTcpTunnel] claim token sent
[08:40:24] [nioEventLoopGroup-2-2/INFO]: [gg.playit.minecraft.PlayitTcpTunnel] connected to tunnel server, sending claim token
[08:40:24] [nioEventLoopGroup-2-2/INFO]: [gg.playit.minecraft.PlayitTcpTunnel] claim token sent
[08:40:24] [nioEventLoopGroup-2-1/INFO]: [gg.playit.minecraft.PlayitTcpTunnel] connection to tunnel server has been established
[08:40:24] [nioEventLoopGroup-2-1/INFO]: [gg.playit.minecraft.PlayitTcpTunnel] connecting to minecraft server at localhost/127.0.0.1:25565
[08:40:24] [nioEventLoopGroup-2-3/INFO]: [gg.playit.minecraft.PlayitTcpTunnel] connected to local minecraft server
[08:40:24] [nioEventLoopGroup-2-2/INFO]: [gg.playit.minecraft.PlayitTcpTunnel] connection to tunnel server has been established
[08:40:24] [nioEventLoopGroup-2-2/INFO]: [gg.playit.minecraft.PlayitTcpTunnel] connecting to minecraft server at localhost/127.0.0.1:25565
[08:40:24] [nioEventLoopGroup-2-4/INFO]: [gg.playit.minecraft.PlayitTcpTunnel] connected to local minecraft server
[08:40:24] [Netty Epoll IO #0/INFO]: [gg.playit.minecraft.PlayitHeaderDecoder] parsed playit header, true client IP: /103.46.202.163:58287
[08:40:24] [Netty Epoll IO #3/INFO]: [gg.playit.minecraft.PlayitHeaderDecoder] parsed playit header, true client IP: /103.46.202.163:58289
[08:40:24] [Netty Epoll IO #3/INFO]: [gg.playit.minecraft.PlayitHeaderDecoder] updated connection address on handler: packet_handler
[08:40:24] [Netty Epoll IO #0/INFO]: [gg.playit.minecraft.PlayitHeaderDecoder] updated connection address on handler: packet_handler
[08:40:25] [User Authenticator #2/INFO]: UUID of player Dark_slayer_XD is 2f3cc879-34c0-3b12-aa0b-6fc3949b1f21
[08:40:28] [Server thread/INFO]: Dark_slayer_XD joined the game
[08:40:28] [Server thread/INFO]: Dark_slayer_XD[/103.46.202.163:58287] logged in with entity id 15750 at ([world]2296.0196546670227, 47.0, 349.8928069857949)
[08:40:28] [TAB Processing Thread/INFO]: [TAB] [WARN] Player Dark_slayer_XD's group (none) is not in sorting list! Sorting list: owner,admin,mod,helper,builder,vip,default. Player will be sorted on the bottom.
[08:40:39] [Server thread/INFO]: Dark_slayer_XD issued server command: /login satnaam
[08:40:43] [Async Chat Thread - #12/INFO]: [Not Secure] [MUTHAL] <LandeepSingh> bkl
[08:40:47] [Async Chat Thread - #12/INFO]: [Not Secure] [MUTHAL] <LandeepSingh> kaha h
[08:40:48] [Async Chat Thread - #12/INFO]: [Not Secure] [MUTHAL] <LandeepSingh> ankus
[08:40:50] [Async Chat Thread - #12/INFO]: [Not Secure] [MUTHAL] <LandeepSingh> kaha h ]
[08:40:52] [Async Chat Thread - #12/INFO]: [Not Secure] [MUTHAL] <Dark_slayer_XD> tpa on me
[08:40:53] [Async Chat Thread - #12/INFO]: [Not Secure] [MUTHAL] <LandeepSingh> village or h
[08:40:54] [Server thread/INFO]: LandeepSingh issued server command: /tpa Dark_slayer_XD
[08:40:57] [Server thread/INFO]: Dark_slayer_XD issued server command: /tpaccept
[08:40:57] [Thread-10/INFO]: [gg.playit.control.ChannelSetup] send keep alive
[08:40:57] [Async Chat Thread - #12/INFO]: [Not Secure] [MUTHAL] <Kabir_Dua> ankush am i audible
[08:41:00] [Async Chat Thread - #12/INFO]: [Not Secure] [MUTHAL] <Dark_slayer_XD> no
[08:41:03] [Async Chat Thread - #12/INFO]: [Not Secure] [MUTHAL] <Kabir_Dua> rejoin
[08:41:10] [Server thread/INFO]: LandeepSingh issued server command: /team delwarp forest
[08:41:12] [Async Chat Thread - #12/INFO]: [Not Secure] [MUTHAL] <Kabir_Dua> rejoin
[08:41:14] [Async Chat Thread - #12/INFO]: [Not Secure] [MUTHAL] <Kabir_Dua> rejoin
[08:41:15] [Async Chat Thread - #12/INFO]: [Not Secure] [MUTHAL] <Kabir_Dua> rejoin
[08:41:16] [Async Chat Thread - #12/INFO]: [Not Secure] [MUTHAL] <Kabir_Dua> rejoin
[08:41:18] [Async Chat Thread - #12/INFO]: [Not Secure] [MUTHAL] <Kabir_Dua> rejoin
[08:41:22] [Server thread/INFO]: LandeepSingh issued server command: /team setwarp base
[08:41:54] [Async Chat Thread - #12/INFO]: [Not Secure] [MUTHAL] <LandeepSingh> team warp krle
[08:41:55] [Async Chat Thread - #12/INFO]: [Not Secure] [MUTHAL] <LandeepSingh> kabir
[08:41:57] [Async Chat Thread - #12/INFO]: [Not Secure] [MUTHAL] <LandeepSingh> base
[08:42:00] [Server thread/INFO]: LandeepSingh issued server command: /team home
[08:42:00] [Server thread/INFO]: Kabir_Dua issued server command: /team warp base
[08:42:11] [Async Chat Thread - #12/INFO]: [Not Secure] [MUTHAL] <Kabir_Dua> 8 dedo
[08:42:23] [Server thread/INFO]: Dark_slayer_XD issued server command: /withdraw heart 1
[08:42:30] [Server thread/INFO]: Dark_slayer_XD issued server command: /withdraw 1
[08:42:35] [Server thread/INFO]: Dark_slayer_XD issued server command: /withdraw 1
[08:43:09] [Async Chat Thread - #12/INFO]: [Not Secure] [MUTHAL] <Kabir_Dua> shahhahahahahahahahaha
[08:43:18] [Async Chat Thread - #12/INFO]: [Not Secure] [MUTHAL] <LandeepSingh> echest me books daal de 57 jo laye the
[08:43:20] [Async Chat Thread - #12/INFO]: [Not Secure] [MUTHAL] <LandeepSingh> ankus
[08:43:46] [Server thread/INFO]: LandeepSingh issued server command: /team echest
[08:43:56] [Async Chat Thread - #12/INFO]: [Not Secure] [MUTHAL] <Kabir_Dua> 1
[08:44:10] [Async Chat Thread - #12/INFO]: [Not Secure] [MUTHAL] <Kabir_Dua> ayyayayaya
[08:44:25] [Server thread/INFO]: Dark_slayer_XD issued server command: /team echest
[08:44:58] [Thread-10/INFO]: [gg.playit.control.ChannelSetup] send keep alive
[08:45:34] [Server thread/INFO]: LandeepSingh issued server command: /tpahere Dark_slayer_XD
[08:45:41] [Server thread/INFO]: Kabir_Dua issued server command: /team home
[08:45:42] [Server thread/INFO]: LandeepSingh issued server command: /tpahere Dark_slayer_XD
[08:48:22] [Server thread/INFO]: Kabir_Dua issued server command: /team warp base
[08:48:58] [Thread-10/INFO]: [gg.playit.control.ChannelSetup] send keep alive
[08:49:15] [Server thread/INFO]: LandeepSingh issued server command: /team warp base
[08:49:26] [Server thread/INFO]: LandeepSingh issued server command: /team pvp on
[08:49:29] [Server thread/INFO]: LandeepSingh issued server command: /team pvp off
[08:50:28] [Server thread/INFO]: LandeepSingh issued server command: /team echest
[08:50:43] [Server thread/INFO]: Dark_slayer_XD issued server command: /team home
[08:50:43] [nioEventLoopGroup-2-3/WARN]: [gg.playit.minecraft.PlayitTcpTunnel] failed to send data to tunnel
[08:50:43] [Server thread/INFO]: Kabir_Dua lost connection: Disconnected
[08:50:43] [Server thread/INFO]: MUTHAL Kabir_Dua left the game
[08:52:12] [Server thread/INFO]: Dark_slayer_XD issued server command: /tpa LandeepSingh
[08:52:17] [Server thread/INFO]: LandeepSingh issued server command: /tpaccept
[08:52:31] [Thread-10/INFO]: [gg.playit.minecraft.PlayitManager] got new client: NewClient{connectAddr=147.185.221.22:18055, peerAddr=103.212.158.163:59880, claimAddress=209.25.143.2:42760, claimToken=[44, 0, 107, -109, -71, -35, 22, 70, -121, 103, -44, -98, -93, -23, -24, -28, -5, 17, 98, -89, 8, 105, -77, -48, 79, 0, 0, 0, 0, 0, 17, 111, 31, 0, 0, 0, 0, 0, 89, 55, 13, 0, 0, 0, 0, 0, 52, 113, -48, 69, 62, -89, 8, 0, 0, 0, 0, 28, 0, 0, 0, 0, 0, 0, 0, 2, 0, 5, 0, 37, 36, 0, -122, 6, 29, 121, 111, 100, 101, 108, 45, 101, 100, 117, 99, 97, 116, 105, 111, 110, 46, 103, 108, 46, 97, 116, 46, 112, 108, 121, 46, 103, 103, 46, 70, -121, 2, -2, -62, -75, -93, -3, 45, -14, 61, -67, 66, -37, 86, -22, -76, 125, -128], tunnelServerId=0, tunnelId=3437008, dataCenterId=28, portOffset=0}
[08:52:31] [Thread-10/INFO]: [gg.playit.minecraft.PlayitManager] starting tcp tunnel for client
[08:52:31] [Thread-10/INFO]: [gg.playit.minecraft.PlayitTcpTunnel] start connection to /209.25.143.2:42760 to claim client
[08:52:31] [nioEventLoopGroup-2-1/INFO]: [gg.playit.minecraft.PlayitTcpTunnel] connected to tunnel server, sending claim token
[08:52:31] [nioEventLoopGroup-2-1/INFO]: [gg.playit.minecraft.PlayitTcpTunnel] claim token sent
[08:52:31] [nioEventLoopGroup-2-1/INFO]: [gg.playit.minecraft.PlayitTcpTunnel] connection to tunnel server has been established
[08:52:31] [nioEventLoopGroup-2-1/INFO]: [gg.playit.minecraft.PlayitTcpTunnel] connecting to minecraft server at localhost/127.0.0.1:25565
[08:52:31] [nioEventLoopGroup-2-2/INFO]: [gg.playit.minecraft.PlayitTcpTunnel] connected to local minecraft server
[08:52:31] [Netty Epoll IO #1/INFO]: [gg.playit.minecraft.PlayitHeaderDecoder] parsed playit header, true client IP: /103.212.158.163:59880
[08:52:31] [Netty Epoll IO #1/INFO]: [gg.playit.minecraft.PlayitHeaderDecoder] updated connection address on handler: packet_handler
[08:52:31] [User Authenticator #3/INFO]: UUID of player Kabir_Dua is 660320b4-f589-3e1f-8222-c8528758d902
[08:52:31] [TAB Processing Thread/INFO]: [TAB] [WARN] Player Kabir_Dua's group (none) is not in sorting list! Sorting list: owner,admin,mod,helper,builder,vip,default. Player will be sorted on the bottom.
[08:52:31] [Server thread/INFO]: MUTHAL Kabir_Dua joined the game
[08:52:31] [Server thread/INFO]: Kabir_Dua[/103.212.158.163:59880] logged in with entity id 19456 at ([world]2297.791237166493, 76.0, 376.4195789038521)
[08:52:35] [Thread-10/INFO]: [gg.playit.minecraft.PlayitManager] got new client: NewClient{connectAddr=147.185.221.22:18055, peerAddr=103.212.158.163:59884, claimAddress=209.25.143.2:42760, claimToken=[44, 0, 107, -109, -71, -35, 22, 70, -121, 103, -44, -98, -93, -23, -20, -83, -59, 35, 94, -89, 8, 105, -77, -48, 83, 0, 0, 0, 0, 0, 17, 111, 31, 0, 0, 0, 0, 0, 89, 55, 13, 0, 0, 0, 0, 0, 52, 113, -48, 40, 58, -89, 8, 0, 0, 0, 0, 28, 0, 0, 0, 0, 0, 0, 0, 2, 0, 0, 0, 37, 36, 0, -122, 6, 29, 121, 111, 100, 101, 108, 45, 101, 100, 117, 99, 97, 116, 105, 111, 110, 46, 103, 108, 46, 97, 116, 46, 112, 108, 121, 46, 103, 103, 46, 70, -121, 2, -2, 119, 76, 9, 110, -45, -87, 25, 93, -56, 76, -128, -107, 100, -47, -91], tunnelServerId=0, tunnelId=3437008, dataCenterId=28, portOffset=0}
[08:52:35] [Thread-10/INFO]: [gg.playit.minecraft.PlayitManager] starting tcp tunnel for client
[08:52:35] [Thread-10/INFO]: [gg.playit.minecraft.PlayitTcpTunnel] start connection to /209.25.143.2:42760 to claim client
[08:52:35] [nioEventLoopGroup-2-3/INFO]: [gg.playit.minecraft.PlayitTcpTunnel] connected to tunnel server, sending claim token
[08:52:35] [nioEventLoopGroup-2-3/INFO]: [gg.playit.minecraft.PlayitTcpTunnel] claim token sent
[08:52:35] [nioEventLoopGroup-2-3/INFO]: [gg.playit.minecraft.PlayitTcpTunnel] connection to tunnel server has been established
[08:52:35] [nioEventLoopGroup-2-3/INFO]: [gg.playit.minecraft.PlayitTcpTunnel] connecting to minecraft server at localhost/127.0.0.1:25565
[08:52:35] [nioEventLoopGroup-2-4/INFO]: [gg.playit.minecraft.PlayitTcpTunnel] connected to local minecraft server
[08:52:35] [Netty Epoll IO #2/INFO]: [gg.playit.minecraft.PlayitHeaderDecoder] parsed playit header, true client IP: /103.212.158.163:59884
[08:52:35] [Netty Epoll IO #2/INFO]: [gg.playit.minecraft.PlayitHeaderDecoder] updated connection address on handler: packet_handler
[08:52:35] [User Authenticator #3/INFO]: UUID of player Kabir_Dua is 660320b4-f589-3e1f-8222-c8528758d902
[08:52:35] [Server thread/INFO]: Kabir_Dua lost connection: You logged in from another location
[08:52:35] [Server thread/INFO]: Kabir_Dua left the game
[08:52:36] [TAB Processing Thread/INFO]: [TAB] [WARN] Player Kabir_Dua's group (none) is not in sorting list! Sorting list: owner,admin,mod,helper,builder,vip,default. Player will be sorted on the bottom.
[08:52:36] [Server thread/INFO]: MUTHAL Kabir_Dua joined the game
[08:52:36] [Server thread/INFO]: Kabir_Dua[/103.212.158.163:59884] logged in with entity id 19465 at ([world]2297.791237166493, 76.0, 376.4195789038521)
[08:52:40] [Server thread/INFO]: Kabir_Dua issued server command: /login rgblights
[08:52:59] [Thread-10/INFO]: [gg.playit.control.ChannelSetup] send keep alive
[08:53:05] [Server thread/INFO]: Kabir_Dua issued server command: /team warp base
[08:53:17] [Server thread/INFO]: LandeepSingh issued server command: /team pvp on
[08:53:22] [Server thread/INFO]: LandeepSingh issued server command: /team pvp off
[08:53:42] [Server thread/INFO]: MUTHAL Dark_slayer_XD fell from a high place
[08:53:51] [Server thread/INFO]: Dark_slayer_XD issued server command: /tpa LandeepSingh
[08:54:07] [Server thread/INFO]: Dark_slayer_XD issued server command: /tpa Kabir_Dua
[08:54:17] [Server thread/INFO]: Kabir_Dua issued server command: /tpahere Dark_slayer_XD
[08:54:20] [Server thread/INFO]: LandeepSingh issued server command: /tpaccept
[08:54:49] [Async Chat Thread - #14/INFO]: [Not Secure] [MUTHAL] <LandeepSingh> mjk se
[08:54:55] [Async Chat Thread - #14/INFO]: [Not Secure] [MUTHAL] <Kabir_Dua> hato
[08:55:52] [Server thread/INFO]: LandeepSingh issued server command: /team warp base
[08:56:03] [Server thread/INFO]: Kabir_Dua issued server command: /team warp base
[08:56:09] [Server thread/INFO]: Dark_slayer_XD issued server command: /tpa LandeepSingh
[08:56:16] [Server thread/INFO]: LandeepSingh issued server command: /tpaccept
[08:56:41] [Server thread/INFO]: Dark_slayer_XD issued server command: /team echest
[08:57:00] [Thread-10/INFO]: [gg.playit.control.ChannelSetup] send keep alive
[08:57:19] [Server thread/INFO]: Villager Villager['Nitwit'/15768, uuid='50c5716b-2aac-4d15-9712-478e10a8278b', l='ServerLevel[world]', x=2255.70, y=63.80, z=286.50, cpos=[140, 17], tl=20170, v=true] died, message: 'Nitwit was slain by Zombie'
[08:57:24] [Server thread/INFO]: Dark_slayer_XD issued server command: /tpa LandeepSingh
[08:57:28] [Server thread/INFO]: LandeepSingh issued server command: /tpaccept
[08:58:24] [Server thread/INFO]: LandeepSingh issued server command: /tpahere Kabir_Dua
[08:58:40] [Server thread/INFO]: Kabir_Dua issued server command: /tpaccept
[08:58:59] [Server thread/INFO]: MUTHAL Dark_slayer_XD was slain by Zombie
[08:59:03] [Server thread/INFO]: Dark_slayer_XD issued server command: /tpa LandeepSingh
[08:59:08] [Server thread/INFO]: LandeepSingh issued server command: /tpadd
[08:59:12] [Server thread/INFO]: LandeepSingh issued server command: /tpaccept
[08:59:51] [Server thread/INFO]: Dark_slayer_XD issued server command: /team echest
[09:01:00] [Thread-10/INFO]: [gg.playit.control.ChannelSetup] send keep alive
[09:01:03] [Server thread/INFO]: Kabir_Dua issued server command: /team warp base
[09:01:07] [Server thread/INFO]: Dark_slayer_XD issued server command: /team home
[09:01:14] [Server thread/INFO]: Dark_slayer_XD issued server command: /team warp
[09:01:22] [Server thread/INFO]: Villager Villager['Librarian'/15777, uuid='298405f8-2e1a-4de1-bf75-cf17e617e7b6', l='ServerLevel[world]', x=2287.84, y=91.00, z=280.86, cpos=[142, 17], tl=25038, v=true] died, message: 'Librarian was slain by Zombie'
[09:01:22] [Server thread/INFO]: Dark_slayer_XD issued server command: /tpa LandeepSingh
[09:01:26] [Server thread/INFO]: LandeepSingh issued server command: /tpaccept
[09:01:59] [Server thread/INFO]: Kabir_Dua issued server command: /tpa LandeepSingh
[09:02:02] [Server thread/INFO]: LandeepSingh issued server command: /tpaccept
[09:02:05] [Server thread/INFO]: Dark_slayer_XD issued server command: /home water
[09:02:11] [Server thread/INFO]: Dark_slayer_XD issued server command: /home mace
[09:02:39] [Server thread/INFO]: Dark_slayer_XD issued server command: /tpa LandeepSingh
[09:02:41] [Server thread/INFO]: LandeepSingh issued server command: /tpaccept
[09:05:01] [Thread-10/INFO]: [gg.playit.control.ChannelSetup] send keep alive
[09:07:38] [Server thread/INFO]: MUTHAL Kabir_Dua has made the advancement [Ice Bucket Challenge]
[09:08:10] [Server thread/INFO]: LandeepSingh issued server command: /team home
[09:08:49] [nioEventLoopGroup-2-1/WARN]: [gg.playit.minecraft.PlayitTcpTunnel] failed to send data to tunnel
[09:08:49] [nioEventLoopGroup-2-1/WARN]: [gg.playit.minecraft.PlayitTcpTunnel] failed to send data to tunnel
[09:08:49] [nioEventLoopGroup-2-1/WARN]: [gg.playit.minecraft.PlayitTcpTunnel] failed to send data to tunnel
[09:08:49] [nioEventLoopGroup-2-1/WARN]: [gg.playit.minecraft.PlayitTcpTunnel] failed to send data to tunnel
[09:08:49] [nioEventLoopGroup-2-1/WARN]: [gg.playit.minecraft.PlayitTcpTunnel] failed to send data to tunnel
[09:08:49] [nioEventLoopGroup-2-1/WARN]: [gg.playit.minecraft.PlayitTcpTunnel] failed to send data to tunnel
[09:08:49] [nioEventLoopGroup-2-1/WARN]: [gg.playit.minecraft.PlayitTcpTunnel] failed to send data to tunnel
[09:08:49] [nioEventLoopGroup-2-1/WARN]: [gg.playit.minecraft.PlayitTcpTunnel] failed to send data to tunnel
[09:08:49] [nioEventLoopGroup-2-1/WARN]: [gg.playit.minecraft.PlayitTcpTunnel] failed to send data to tunnel
[09:08:49] [nioEventLoopGroup-2-1/WARN]: [gg.playit.minecraft.PlayitTcpTunnel] failed to send data to tunnel
[09:08:49] [nioEventLoopGroup-2-1/WARN]: [gg.playit.minecraft.PlayitTcpTunnel] failed to send data to tunnel
[09:08:49] [nioEventLoopGroup-2-1/WARN]: [gg.playit.minecraft.PlayitTcpTunnel] failed to send data to tunnel
[09:08:49] [nioEventLoopGroup-2-1/WARN]: [gg.playit.minecraft.PlayitTcpTunnel] failed to send data to tunnel
[09:08:49] [nioEventLoopGroup-2-1/WARN]: [gg.playit.minecraft.PlayitTcpTunnel] failed to send data to tunnel
[09:08:49] [nioEventLoopGroup-2-1/WARN]: [gg.playit.minecraft.PlayitTcpTunnel] failed to send data to tunnel
[09:08:49] [nioEventLoopGroup-2-1/WARN]: [gg.playit.minecraft.PlayitTcpTunnel] failed to send data to tunnel
[09:08:49] [nioEventLoopGroup-2-1/WARN]: [gg.playit.minecraft.PlayitTcpTunnel] failed to send data to tunnel
[09:08:49] [nioEventLoopGroup-2-1/WARN]: [gg.playit.minecraft.PlayitTcpTunnel] failed to send data to tunnel
[09:08:49] [nioEventLoopGroup-2-1/WARN]: [gg.playit.minecraft.PlayitTcpTunnel] failed to send data to tunnel
[09:08:49] [nioEventLoopGroup-2-1/WARN]: [gg.playit.minecraft.PlayitTcpTunnel] failed to send data to tunnel
[09:08:49] [nioEventLoopGroup-2-1/WARN]: [gg.playit.minecraft.PlayitTcpTunnel] failed to send data to tunnel
[09:08:49] [nioEventLoopGroup-2-1/WARN]: [gg.playit.minecraft.PlayitTcpTunnel] failed to send data to tunnel
[09:08:49] [nioEventLoopGroup-2-1/WARN]: [gg.playit.minecraft.PlayitTcpTunnel] failed to send data to tunnel
[09:08:49] [nioEventLoopGroup-2-1/WARN]: [gg.playit.minecraft.PlayitTcpTunnel] failed to send data to tunnel
[09:08:49] [nioEventLoopGroup-2-1/WARN]: [gg.playit.minecraft.PlayitTcpTunnel] failed to send data to tunnel
[09:08:49] [nioEventLoopGroup-2-1/WARN]: [gg.playit.minecraft.PlayitTcpTunnel] failed to send data to tunnel
[09:08:49] [nioEventLoopGroup-2-1/WARN]: [gg.playit.minecraft.PlayitTcpTunnel] failed to send data to tunnel
[09:08:49] [nioEventLoopGroup-2-1/WARN]: [gg.playit.minecraft.PlayitTcpTunnel] failed to send data to tunnel
[09:08:49] [nioEventLoopGroup-2-1/WARN]: [gg.playit.minecraft.PlayitTcpTunnel] failed to send data to tunnel
[09:08:49] [nioEventLoopGroup-2-1/WARN]: [gg.playit.minecraft.PlayitTcpTunnel] failed to send data to tunnel
[09:08:49] [nioEventLoopGroup-2-1/WARN]: [gg.playit.minecraft.PlayitTcpTunnel] failed to send data to tunnel
[09:08:49] [nioEventLoopGroup-2-1/WARN]: [gg.playit.minecraft.PlayitTcpTunnel] failed to send data to tunnel
[09:08:49] [nioEventLoopGroup-2-1/WARN]: [gg.playit.minecraft.PlayitTcpTunnel] failed to send data to tunnel
[09:08:49] [nioEventLoopGroup-2-1/WARN]: [gg.playit.minecraft.PlayitTcpTunnel] failed to send data to tunnel
[09:08:49] [nioEventLoopGroup-2-1/WARN]: [gg.playit.minecraft.PlayitTcpTunnel] failed to send data to tunnel
[09:08:49] [nioEventLoopGroup-2-1/WARN]: [gg.playit.minecraft.PlayitTcpTunnel] failed to send data to tunnel
[09:08:49] [nioEventLoopGroup-2-1/WARN]: [gg.playit.minecraft.PlayitTcpTunnel] failed to send data to tunnel
[09:08:49] [nioEventLoopGroup-2-1/WARN]: [gg.playit.minecraft.PlayitTcpTunnel] failed to send data to tunnel
[09:08:49] [nioEventLoopGroup-2-1/WARN]: [gg.playit.minecraft.PlayitTcpTunnel] failed to send data to tunnel
[09:08:49] [nioEventLoopGroup-2-1/WARN]: [gg.playit.minecraft.PlayitTcpTunnel] failed to send data to tunnel
[09:08:49] [nioEventLoopGroup-2-1/WARN]: [gg.playit.minecraft.PlayitTcpTunnel] failed to send data to tunnel
[09:08:49] [nioEventLoopGroup-2-1/WARN]: [gg.playit.minecraft.PlayitTcpTunnel] failed to send data to tunnel
[09:08:49] [nioEventLoopGroup-2-1/WARN]: [gg.playit.minecraft.PlayitTcpTunnel] failed to send data to tunnel
[09:08:49] [nioEventLoopGroup-2-1/WARN]: [gg.playit.minecraft.PlayitTcpTunnel] failed to send data to tunnel
[09:08:49] [nioEventLoopGroup-2-1/WARN]: [gg.playit.minecraft.PlayitTcpTunnel] failed to send data to tunnel
[09:08:49] [nioEventLoopGroup-2-1/WARN]: [gg.playit.minecraft.PlayitTcpTunnel] failed to send data to tunnel
[09:08:49] [nioEventLoopGroup-2-1/WARN]: [gg.playit.minecraft.PlayitTcpTunnel] failed to send data to tunnel
[09:08:49] [nioEventLoopGroup-2-1/WARN]: [gg.playit.minecraft.PlayitTcpTunnel] failed to send data to tunnel
[09:08:49] [nioEventLoopGroup-2-1/WARN]: [gg.playit.minecraft.PlayitTcpTunnel] failed to send data to tunnel
[09:08:49] [nioEventLoopGroup-2-1/WARN]: [gg.playit.minecraft.PlayitTcpTunnel] failed to send data to tunnel
[09:08:49] [nioEventLoopGroup-2-1/WARN]: [gg.playit.minecraft.PlayitTcpTunnel] failed to send data to tunnel
[09:08:49] [nioEventLoopGroup-2-1/WARN]: [gg.playit.minecraft.PlayitTcpTunnel] failed to send data to tunnel
[09:08:49] [nioEventLoopGroup-2-1/WARN]: [gg.playit.minecraft.PlayitTcpTunnel] failed to send data to tunnel
[09:08:49] [nioEventLoopGroup-2-1/WARN]: [gg.playit.minecraft.PlayitTcpTunnel] failed to send data to tunnel
[09:08:49] [nioEventLoopGroup-2-1/WARN]: [gg.playit.minecraft.PlayitTcpTunnel] failed to send data to tunnel
[09:08:49] [nioEventLoopGroup-2-1/WARN]: [gg.playit.minecraft.PlayitTcpTunnel] failed to send data to tunnel
[09:08:49] [nioEventLoopGroup-2-1/WARN]: [gg.playit.minecraft.PlayitTcpTunnel] failed to send data to tunnel
[09:08:49] [nioEventLoopGroup-2-1/WARN]: [gg.playit.minecraft.PlayitTcpTunnel] failed to send data to tunnel
[09:08:49] [nioEventLoopGroup-2-1/WARN]: [gg.playit.minecraft.PlayitTcpTunnel] failed to send data to tunnel
[09:08:49] [nioEventLoopGroup-2-1/WARN]: [gg.playit.minecraft.PlayitTcpTunnel] failed to send data to tunnel
[09:08:49] [nioEventLoopGroup-2-1/WARN]: [gg.playit.minecraft.PlayitTcpTunnel] failed to send data to tunnel
[09:08:49] [nioEventLoopGroup-2-1/WARN]: [gg.playit.minecraft.PlayitTcpTunnel] failed to send data to tunnel
[09:08:49] [nioEventLoopGroup-2-1/WARN]: [gg.playit.minecraft.PlayitTcpTunnel] failed to send data to tunnel
[09:08:49] [nioEventLoopGroup-2-1/WARN]: [gg.playit.minecraft.PlayitTcpTunnel] failed to send data to tunnel
[09:08:49] [nioEventLoopGroup-2-1/WARN]: [gg.playit.minecraft.PlayitTcpTunnel] failed to send data to tunnel
[09:08:49] [nioEventLoopGroup-2-1/WARN]: [gg.playit.minecraft.PlayitTcpTunnel] failed to send data to tunnel
[09:08:49] [nioEventLoopGroup-2-1/WARN]: [gg.playit.minecraft.PlayitTcpTunnel] failed to send data to tunnel
[09:08:49] [nioEventLoopGroup-2-1/WARN]: [gg.playit.minecraft.PlayitTcpTunnel] failed to send data to tunnel
[09:08:49] [nioEventLoopGroup-2-1/WARN]: [gg.playit.minecraft.PlayitTcpTunnel] failed to send data to tunnel
[09:08:49] [nioEventLoopGroup-2-1/WARN]: [gg.playit.minecraft.PlayitTcpTunnel] failed to send data to tunnel
[09:08:49] [nioEventLoopGroup-2-1/WARN]: [gg.playit.minecraft.PlayitTcpTunnel] failed to send data to tunnel
[09:08:49] [nioEventLoopGroup-2-1/WARN]: [gg.playit.minecraft.PlayitTcpTunnel] failed to send data to tunnel
[09:08:49] [nioEventLoopGroup-2-1/WARN]: [gg.playit.minecraft.PlayitTcpTunnel] failed to send data to tunnel
[09:08:49] [nioEventLoopGroup-2-1/WARN]: [gg.playit.minecraft.PlayitTcpTunnel] failed to send data to tunnel
[09:08:49] [nioEventLoopGroup-2-1/WARN]: [gg.playit.minecraft.PlayitTcpTunnel] failed to send data to tunnel
[09:08:49] [nioEventLoopGroup-2-1/WARN]: [gg.playit.minecraft.PlayitTcpTunnel] failed to send data to tunnel
[09:08:49] [nioEventLoopGroup-2-1/WARN]: [gg.playit.minecraft.PlayitTcpTunnel] failed to send data to tunnel
[09:08:49] [nioEventLoopGroup-2-1/WARN]: [gg.playit.minecraft.PlayitTcpTunnel] failed to send data to tunnel
[09:08:49] [nioEventLoopGroup-2-1/WARN]: [gg.playit.minecraft.PlayitTcpTunnel] failed to send data to tunnel
[09:08:49] [nioEventLoopGroup-2-1/WARN]: [gg.playit.minecraft.PlayitTcpTunnel] failed to send data to tunnel
[09:08:49] [nioEventLoopGroup-2-1/WARN]: [gg.playit.minecraft.PlayitTcpTunnel] failed to send data to tunnel
[09:08:49] [nioEventLoopGroup-2-1/WARN]: [gg.playit.minecraft.PlayitTcpTunnel] failed to send data to tunnel
[09:08:49] [nioEventLoopGroup-2-1/WARN]: [gg.playit.minecraft.PlayitTcpTunnel] failed to send data to tunnel
[09:08:49] [nioEventLoopGroup-2-1/WARN]: [gg.playit.minecraft.PlayitTcpTunnel] failed to send data to tunnel
[09:08:49] [nioEventLoopGroup-2-1/WARN]: [gg.playit.minecraft.PlayitTcpTunnel] failed to send data to tunnel
[09:08:49] [nioEventLoopGroup-2-1/WARN]: [gg.playit.minecraft.PlayitTcpTunnel] failed to send data to tunnel
[09:08:49] [nioEventLoopGroup-2-1/WARN]: [gg.playit.minecraft.PlayitTcpTunnel] failed to send data to tunnel
[09:08:49] [nioEventLoopGroup-2-1/WARN]: [gg.playit.minecraft.PlayitTcpTunnel] failed to send data to tunnel
[09:09:01] [Thread-10/INFO]: [gg.playit.control.ChannelSetup] send keep alive
[09:09:22] [Thread-10/INFO]: [gg.playit.minecraft.PlayitManager] got new client: NewClient{connectAddr=147.185.221.22:18055, peerAddr=103.115.206.76:49267, claimAddress=209.25.143.2:43784, claimToken=[44, 0, 108, -109, -71, -35, 22, 70, -121, 103, 115, -50, 76, -64, 115, -60, 2, 113, -117, -85, 8, 105, -77, -44, 67, 0, 0, 0, 0, 0, 17, 111, 31, 0, 0, 0, 0, 0, 89, 55, 13, 0, 0, 0, 0, 0, 52, 113, -48, 107, 102, -85, 8, 0, 0, 0, 0, 28, 0, 0, 0, 0, 0, 0, 0, 2, 0, 1, 0, 38, 37, 0, -122, 6, 30, 121, 111, 100, 101, 108, 45, 101, 100, 117, 99, 97, 116, 105, 111, 110, 46, 103, 108, 46, 106, 111, 105, 110, 109, 99, 46, 108, 105, 110, 107, 99, -35, 1, -102, -29, 122, 8, -127, -92, -52, 111, 97, -27, -96, -44, 81, 84, 88, 16], tunnelServerId=0, tunnelId=3437008, dataCenterId=28, portOffset=0}
[09:09:22] [Thread-10/INFO]: [gg.playit.minecraft.PlayitManager] starting tcp tunnel for client
[09:09:22] [Thread-10/INFO]: [gg.playit.minecraft.PlayitTcpTunnel] start connection to /209.25.143.2:43784 to claim client
[09:09:23] [nioEventLoopGroup-2-1/INFO]: [gg.playit.minecraft.PlayitTcpTunnel] connected to tunnel server, sending claim token
[09:09:23] [nioEventLoopGroup-2-1/INFO]: [gg.playit.minecraft.PlayitTcpTunnel] claim token sent
[09:09:23] [nioEventLoopGroup-2-1/INFO]: [gg.playit.minecraft.PlayitTcpTunnel] connection to tunnel server has been established
[09:09:23] [nioEventLoopGroup-2-1/INFO]: [gg.playit.minecraft.PlayitTcpTunnel] connecting to minecraft server at localhost/127.0.0.1:25565
[09:09:23] [nioEventLoopGroup-2-2/INFO]: [gg.playit.minecraft.PlayitTcpTunnel] connected to local minecraft server
[09:09:23] [Netty Epoll IO #3/INFO]: [gg.playit.minecraft.PlayitHeaderDecoder] parsed playit header, true client IP: /103.115.206.76:49267
[09:09:23] [Netty Epoll IO #3/INFO]: [gg.playit.minecraft.PlayitHeaderDecoder] updated connection address on handler: packet_handler
[09:09:24] [Thread-10/INFO]: [gg.playit.minecraft.PlayitManager] got new client: NewClient{connectAddr=147.185.221.22:18055, peerAddr=103.115.206.76:49268, claimAddress=209.25.143.2:42760, claimToken=[44, 0, 107, -109, -71, -35, 22, 70, -121, 103, 115, -50, 76, -64, 116, 84, 120, 64, -86, -89, 8, 105, -77, -44, 68, 0, 0, 0, 0, 0, 17, 111, 31, 0, 0, 0, 0, 0, 89, 55, 13, 0, 0, 0, 0, 0, 52, 113, -48, 89, -122, -89, 8, 0, 0, 0, 0, 28, 0, 0, 0, 0, 0, 0, 0, 2, 0, 1, 0, 37, 36, 0, -122, 6, 29, 121, 111, 100, 101, 108, 45, 101, 100, 117, 99, 97, 116, 105, 111, 110, 46, 103, 108, 46, 97, 116, 46, 112, 108, 121, 46, 103, 103, 46, 70, -121, 2, -93, 124, 125, -55, 71, -106, -45, 65, 110, 71, 55, -82, 29, -31, 4, -74], tunnelServerId=0, tunnelId=3437008, dataCenterId=28, portOffset=0}
[09:09:24] [Thread-10/INFO]: [gg.playit.minecraft.PlayitManager] starting tcp tunnel for client
[09:09:24] [Thread-10/INFO]: [gg.playit.minecraft.PlayitTcpTunnel] start connection to /209.25.143.2:42760 to claim client
[09:09:24] [nioEventLoopGroup-2-3/INFO]: [gg.playit.minecraft.PlayitTcpTunnel] connected to tunnel server, sending claim token
[09:09:24] [nioEventLoopGroup-2-3/INFO]: [gg.playit.minecraft.PlayitTcpTunnel] claim token sent
[09:09:24] [nioEventLoopGroup-2-3/INFO]: [gg.playit.minecraft.PlayitTcpTunnel] connection to tunnel server has been established
[09:09:24] [nioEventLoopGroup-2-3/INFO]: [gg.playit.minecraft.PlayitTcpTunnel] connecting to minecraft server at localhost/127.0.0.1:25565
[09:09:24] [nioEventLoopGroup-2-4/INFO]: [gg.playit.minecraft.PlayitTcpTunnel] connected to local minecraft server
[09:09:24] [Netty Epoll IO #0/INFO]: [gg.playit.minecraft.PlayitHeaderDecoder] parsed playit header, true client IP: /103.115.206.76:49268
[09:09:24] [Netty Epoll IO #0/INFO]: [gg.playit.minecraft.PlayitHeaderDecoder] updated connection address on handler: packet_handler
[09:09:25] [User Authenticator #4/INFO]: UUID of player DARSH_BHALANI is 0fba7eb5-112d-3f22-87a4-35978da1ebd4
[09:09:26] [TAB Processing Thread/INFO]: [TAB] [WARN] Player DARSH_BHALANI's group (none) is not in sorting list! Sorting list: owner,admin,mod,helper,builder,vip,default. Player will be sorted on the bottom.
[09:09:26] [Server thread/INFO]: DARSH_BHALANI joined the game
[09:09:26] [Server thread/INFO]: DARSH_BHALANI[/103.115.206.76:49268] logged in with entity id 27095 at ([world]82.92500001192093, 71.0, -1589.3435922236035)
[09:09:29] [Server thread/WARN]: Oak Boat (vehicle of Dark_slayer_XD) moved wrongly! 0.3054176675125291
[09:09:30] [Async Chat Thread - #16/INFO]: [Not Secure] [MUTHAL] <Kabir_Dua> chi
[09:09:37] [Server thread/INFO]: DARSH_BHALANI issued server command: /login Gamingop3
[09:09:43] [Server thread/INFO]: LandeepSingh issued server command: /team home
[09:09:44] [Async Chat Thread - #16/INFO]: [Not Secure] [Noobs] <DARSH_BHALANI> ?
[09:09:49] [Async Chat Thread - #16/INFO]: [Not Secure] [MUTHAL] <Kabir_Dua> eew
[09:09:49] [Async Chat Thread - #16/INFO]: [Not Secure] [MUTHAL] <LandeepSingh> what happen?
[09:09:51] [Async Chat Thread - #16/INFO]: [Not Secure] [MUTHAL] <LandeepSingh> kya hua
[09:09:55] [Async Chat Thread - #16/INFO]: [Not Secure] [MUTHAL] <Kabir_Dua> ansh apko keh rhe
[09:09:55] [Async Chat Thread - #16/INFO]: [Not Secure] [MUTHAL] <LandeepSingh> kabir
[09:10:13] [Server thread/INFO]: LandeepSingh issued server command: /team pvp on
[09:10:43] [Server thread/INFO]: DARSH_BHALANI issued server command: /ec
[09:10:48] [Server thread/INFO]: MUTHAL Dark_slayer_XD was slain by MUTHAL Kabir_Dua
[09:10:52] [Server thread/INFO]: LandeepSingh issued server command: /team pvp off
[09:10:54] [Server thread/INFO]: Dark_slayer_XD issued server command: /tpa LandeepSingh
[09:10:57] [Server thread/INFO]: LandeepSingh issued server command: /tpaccept
[09:11:05] [Server thread/INFO]: Dark_slayer_XD issued server command: /tpa Kabir_Dua
[09:11:06] [Server thread/INFO]: Kabir_Dua issued server command: /tpahere Dark_slayer_XD
[09:11:09] [Server thread/INFO]: Dark_slayer_XD issued server command: /tpaccept
[09:11:29] [Server thread/INFO]: Kabir_Dua issued server command: /withdraw 1
[09:11:34] [Server thread/INFO]: DARSH_BHALANI issued server command: /home h
[09:11:38] [Async Chat Thread - #18/INFO]: [Not Secure] [MUTHAL] <LandeepSingh> bhai
[09:11:39] [Async Chat Thread - #18/INFO]: [Not Secure] [MUTHAL] <LandeepSingh> darsh
[09:11:42] [Async Chat Thread - #18/INFO]: [Not Secure] [Noobs] <DARSH_BHALANI> ha
[09:11:43] [Async Chat Thread - #18/INFO]: [Not Secure] [MUTHAL] <LandeepSingh> biome kaise dekhte h
[09:11:50] [Async Chat Thread - #18/INFO]: [Not Secure] [Noobs] <DARSH_BHALANI> f3
[09:11:51] [Async Chat Thread - #18/INFO]: [Not Secure] [Noobs] <DARSH_BHALANI> se
[09:12:06] [Async Chat Thread - #18/INFO]: [Not Secure] [MUTHAL] <LandeepSingh> f3 krke kaha se dikhega
[09:12:15] [Async Chat Thread - #18/INFO]: [Not Secure] [MUTHAL] <Kabir_Dua> base thik hai
[09:12:24] [Server thread/INFO]: Dark_slayer_XD issued server command: /team home
[09:12:29] [Async Chat Thread - #18/INFO]: [Not Secure] [MUTHAL] <Kabir_Dua> humara
[09:13:03] [Thread-10/INFO]: [gg.playit.control.ChannelSetup] send keep alive
[09:13:10] [Server thread/INFO]: DARSH_BHALANI issued server command: /home h
[09:13:41] [Server thread/INFO]: Dark_slayer_XD issued server command: /tpa Kabir_Dua
[09:13:48] [Server thread/INFO]: LandeepSingh issued server command: /tpahere Dark_slayer_XD
[09:13:48] [Server thread/INFO]: Kabir_Dua issued server command: /tpaccept
[09:13:53] [Thread-10/INFO]: [gg.playit.minecraft.PlayitManager] got new client: NewClient{connectAddr=147.185.221.22:18055, peerAddr=122.162.144.172:13767, claimAddress=209.25.143.2:39688, claimToken=[44, 0, 110, -109, -71, -35, 22, 70, -121, 122, -94, -112, -84, 53, -57, -111, -121, 74, -6, -101, 8, 105, -77, -43, 81, 0, 0, 0, 0, 0, 17, 111, 31, 0, 0, 0, 0, 0, 89, 55, 13, 0, 0, 0, 0, 0, 52, 113, -48, -8, -45, -101, 8, 0, 0, 0, 0, 28, 0, 0, 0, 0, 0, 0, 0, 2, 0, 5, 0, 40, 37, 0, -126, 6, 30, 121, 111, 100, 101, 108, 45, 101, 100, 117, 99, 97, 116, 105, 111, 110, 46, 103, 108, 46, 106, 111, 105, 110, 109, 99, 46, 108, 105, 110, 107, 99, -35, 1, 1, 0, -84, 101, -96, -61, -3, 114, -118, 17, 78, -26, -83, -41, -12, 61, 60, 65], tunnelServerId=0, tunnelId=3437008, dataCenterId=28, portOffset=0}
[09:13:53] [Thread-10/INFO]: [gg.playit.minecraft.PlayitManager] starting tcp tunnel for client
[09:13:53] [Thread-10/INFO]: [gg.playit.minecraft.PlayitTcpTunnel] start connection to /209.25.143.2:39688 to claim client
[09:13:53] [nioEventLoopGroup-2-1/INFO]: [gg.playit.minecraft.PlayitTcpTunnel] connected to tunnel server, sending claim token
[09:13:53] [nioEventLoopGroup-2-1/INFO]: [gg.playit.minecraft.PlayitTcpTunnel] claim token sent
[09:13:53] [nioEventLoopGroup-2-1/INFO]: [gg.playit.minecraft.PlayitTcpTunnel] connection to tunnel server has been established
[09:13:53] [nioEventLoopGroup-2-1/INFO]: [gg.playit.minecraft.PlayitTcpTunnel] connecting to minecraft server at localhost/127.0.0.1:25565
[09:13:53] [nioEventLoopGroup-2-2/INFO]: [gg.playit.minecraft.PlayitTcpTunnel] connected to local minecraft server
[09:13:53] [Netty Epoll IO #1/INFO]: [gg.playit.minecraft.PlayitHeaderDecoder] parsed playit header, true client IP: /122.162.144.172:13767
[09:13:53] [Netty Epoll IO #1/INFO]: [gg.playit.minecraft.PlayitHeaderDecoder] updated connection address on handler: packet_handler
[09:14:05] [Server thread/INFO]: Dark_slayer_XD issued server command: /tpaccept
[09:14:27] [Async Chat Thread - #20/INFO]: [Not Secure] [MUTHAL] <LandeepSingh> bta darsh
[09:14:33] [Async Chat Thread - #20/INFO]: [Not Secure] [MUTHAL] <LandeepSingh> f3 krke khaa dikh rha h
[09:14:34] [Async Chat Thread - #20/INFO]: [Not Secure] [MUTHAL] <LandeepSingh> ?
[09:14:55] [nioEventLoopGroup-2-3/WARN]: [gg.playit.minecraft.PlayitTcpTunnel] failed to send data to tunnel
[09:14:55] [Server thread/INFO]: DARSH_BHALANI lost connection: Disconnected
[09:14:55] [Server thread/INFO]: Noobs DARSH_BHALANI left the game
[09:14:56] [Thread-10/INFO]: [gg.playit.minecraft.PlayitManager] got new client: NewClient{connectAddr=147.185.221.22:18055, peerAddr=103.115.206.76:49481, claimAddress=209.25.143.2:42760, claimToken=[44, 0, 108, -109, -71, -35, 22, 70, -121, 103, 115, -50, 76, -63, 73, -25, -33, -95, -116, -89, 8, 105, -77, -43, -112, 0, 0, 0, 0, 0, 17, 111, 31, 0, 0, 0, 0, 0, 89, 55, 13, 0, 0, 0, 0, 0, 52, 113, -48, -81, 103, -89, 8, 0, 0, 0, 0, 28, 0, 0, 0, 0, 0, 0, 0, 2, 0, 0, 0, 38, 37, 0, -122, 6, 30, 121, 111, 100, 101, 108, 45, 101, 100, 117, 99, 97, 116, 105, 111, 110, 46, 103, 108, 46, 106, 111, 105, 110, 109, 99, 46, 108, 105, 110, 107, 99, -35, 1, -15, -42, 10, -68, 123, 91, 23, -107, -100, -96, -33, 29, 79, 20, -18, -108], tunnelServerId=0, tunnelId=3437008, dataCenterId=28, portOffset=0}
[09:14:56] [Thread-10/INFO]: [gg.playit.minecraft.PlayitManager] starting tcp tunnel for client
[09:14:56] [Thread-10/INFO]: [gg.playit.minecraft.PlayitTcpTunnel] start connection to /209.25.143.2:42760 to claim client
[09:14:56] [nioEventLoopGroup-2-3/INFO]: [gg.playit.minecraft.PlayitTcpTunnel] connected to tunnel server, sending claim token
[09:14:56] [nioEventLoopGroup-2-3/INFO]: [gg.playit.minecraft.PlayitTcpTunnel] claim token sent
[09:14:56] [nioEventLoopGroup-2-3/INFO]: [gg.playit.minecraft.PlayitTcpTunnel] connection to tunnel server has been established
[09:14:56] [nioEventLoopGroup-2-3/INFO]: [gg.playit.minecraft.PlayitTcpTunnel] connecting to minecraft server at localhost/127.0.0.1:25565
[09:14:56] [nioEventLoopGroup-2-4/INFO]: [gg.playit.minecraft.PlayitTcpTunnel] connected to local minecraft server
[09:14:56] [Netty Epoll IO #2/INFO]: [gg.playit.minecraft.PlayitHeaderDecoder] parsed playit header, true client IP: /103.115.206.76:49481
[09:14:56] [Netty Epoll IO #2/INFO]: [gg.playit.minecraft.PlayitHeaderDecoder] updated connection address on handler: packet_handler
[09:15:24] [Server thread/INFO]: LandeepSingh issued server command: /team home
[09:15:34] [Server thread/INFO]: Dark_slayer_XD issued server command: /team home
[09:16:09] [Server thread/INFO]: LandeepSingh issued server command: /teammsg 100 49 -1611
[09:16:47] [Server thread/INFO]: Dark_slayer_XD issued server command: /team warp ba
[09:16:47] [Thread-10/INFO]: [gg.playit.minecraft.PlayitManager] got new client: NewClient{connectAddr=147.185.221.22:18055, peerAddr=103.115.206.76:58560, claimAddress=209.25.143.2:42760, claimToken=[44, 0, 107, -109, -71, -35, 22, 70, -121, 103, 115, -50, 76, -28, -64, 60, -108, 49, 14, -89, 8, 105, -77, -43, -1, 0, 0, 0, 0, 0, 17, 111, 31, 0, 0, 0, 0, 0, 89, 55, 13, 0, 0, 0, 0, 0, 52, 113, -48, 65, -22, -89, 8, 0, 0, 0, 0, 28, 0, 0, 0, 0, 0, 0, 0, 2, 0, 0, 0, 37, 36, 0, -122, 6, 29, 121, 111, 100, 101, 108, 45, 101, 100, 117, 99, 97, 116, 105, 111, 110, 46, 103, 108, 46, 97, 116, 46, 112, 108, 121, 46, 103, 103, 46, 70, -121, 2, -33, -74, -5, -33, -81, -15, -41, -14, -50, 0, 106, -20, 0, -109, -85, -69], tunnelServerId=0, tunnelId=3437008, dataCenterId=28, portOffset=0}
[09:16:47] [Thread-10/INFO]: [gg.playit.minecraft.PlayitManager] starting tcp tunnel for client
[09:16:47] [Thread-10/INFO]: [gg.playit.minecraft.PlayitTcpTunnel] start connection to /209.25.143.2:42760 to claim client
[09:16:47] [nioEventLoopGroup-2-1/INFO]: [gg.playit.minecraft.PlayitTcpTunnel] connected to tunnel server, sending claim token
[09:16:47] [nioEventLoopGroup-2-1/INFO]: [gg.playit.minecraft.PlayitTcpTunnel] claim token sent
[09:16:47] [nioEventLoopGroup-2-1/INFO]: [gg.playit.minecraft.PlayitTcpTunnel] connection to tunnel server has been established
[09:16:47] [nioEventLoopGroup-2-1/INFO]: [gg.playit.minecraft.PlayitTcpTunnel] connecting to minecraft server at localhost/127.0.0.1:25565
[09:16:47] [nioEventLoopGroup-2-2/INFO]: [gg.playit.minecraft.PlayitTcpTunnel] connected to local minecraft server
[09:16:47] [Netty Epoll IO #3/INFO]: [gg.playit.minecraft.PlayitHeaderDecoder] parsed playit header, true client IP: /103.115.206.76:58560
[09:16:47] [Netty Epoll IO #3/INFO]: [gg.playit.minecraft.PlayitHeaderDecoder] updated connection address on handler: packet_handler
[09:16:48] [User Authenticator #5/INFO]: UUID of player DARSH_BHALANI is 0fba7eb5-112d-3f22-87a4-35978da1ebd4
[09:16:49] [TAB Processing Thread/INFO]: [TAB] [WARN] Player DARSH_BHALANI's group (none) is not in sorting list! Sorting list: owner,admin,mod,helper,builder,vip,default. Player will be sorted on the bottom.
[09:16:49] [Server thread/INFO]: DARSH_BHALANI joined the game
[09:16:49] [Server thread/INFO]: DARSH_BHALANI[/103.115.206.76:58560] logged in with entity id 32741 at ([world]111.47504377619526, 69.0, -1579.6685341180014)
[09:16:49] [Server thread/INFO]: Dark_slayer_XD issued server command: /team warp base
[09:16:51] [nioEventLoopGroup-2-1/WARN]: [gg.playit.minecraft.PlayitTcpTunnel] failed to send data to tunnel
[09:16:51] [Thread-10/INFO]: [gg.playit.minecraft.PlayitManager] got new client: NewClient{connectAddr=147.185.221.22:18055, peerAddr=103.115.206.76:58562, claimAddress=209.25.143.2:42760, claimToken=[44, 0, 108, -109, -71, -35, 22, 70, -121, 103, 115, -50, 76, -28, -62, -43, -106, -54, -112, -89, 8, 105, -77, -42, 3, 0, 0, 0, 0, 0, 17, 111, 31, 0, 0, 0, 0, 0, 89, 55, 13, 0, 0, 0, 0, 0, 52, 113, -48, 103, 107, -89, 8, 0, 0, 0, 0, 28, 0, 0, 0, 0, 0, 0, 0, 2, 0, 1, 0, 38, 37, 0, -122, 6, 30, 121, 111, 100, 101, 108, 45, 101, 100, 117, 99, 97, 116, 105, 111, 110, 46, 103, 108, 46, 106, 111, 105, 110, 109, 99, 46, 108, 105, 110, 107, 99, -35, 1, -88, 100, -2, 34, 30, 20, -16, -22, 57, 4, -63, -117, 70, 70, 4, -19], tunnelServerId=0, tunnelId=3437008, dataCenterId=28, portOffset=0}
[09:16:51] [Thread-10/INFO]: [gg.playit.minecraft.PlayitManager] starting tcp tunnel for client
[09:16:51] [Thread-10/INFO]: [gg.playit.minecraft.PlayitTcpTunnel] start connection to /209.25.143.2:42760 to claim client
[09:16:51] [Server thread/INFO]: DARSH_BHALANI lost connection: Disconnected
[09:16:51] [nioEventLoopGroup-2-3/INFO]: [gg.playit.minecraft.PlayitTcpTunnel] connected to tunnel server, sending claim token
[09:16:51] [nioEventLoopGroup-2-3/INFO]: [gg.playit.minecraft.PlayitTcpTunnel] claim token sent
[09:16:51] [nioEventLoopGroup-2-3/INFO]: [gg.playit.minecraft.PlayitTcpTunnel] connection to tunnel server has been established
[09:16:51] [nioEventLoopGroup-2-3/INFO]: [gg.playit.minecraft.PlayitTcpTunnel] connecting to minecraft server at localhost/127.0.0.1:25565
[09:16:51] [nioEventLoopGroup-2-4/INFO]: [gg.playit.minecraft.PlayitTcpTunnel] connected to local minecraft server
[09:16:51] [Netty Epoll IO #0/INFO]: [gg.playit.minecraft.PlayitHeaderDecoder] parsed playit header, true client IP: /103.115.206.76:58562
[09:16:51] [Netty Epoll IO #0/INFO]: [gg.playit.minecraft.PlayitHeaderDecoder] updated connection address on handler: packet_handler
[09:16:51] [Server thread/INFO]: Noobs DARSH_BHALANI left the game
[09:17:02] [Server thread/INFO]: Dark_slayer_XD issued server command: /tpa LandeepSingh
[09:17:03] [Thread-10/INFO]: [gg.playit.control.ChannelSetup] send keep alive
[09:17:10] [Server thread/INFO]: Kabir_Dua issued server command: /team home
[09:17:12] [Server thread/INFO]: Dark_slayer_XD issued server command: /team home
[09:18:14] [Server thread/INFO]: LandeepSingh issued server command: /team warp base
[09:18:25] [Server thread/INFO]: LandeepSingh issued server command: /team home
[09:18:27] [Thread-10/INFO]: [gg.playit.minecraft.PlayitManager] got new client: NewClient{connectAddr=147.185.221.22:18055, peerAddr=103.115.206.76:59936, claimAddress=209.25.143.2:42760, claimToken=[44, 0, 107, -109, -71, -35, 22, 70, -121, 103, 115, -50, 76, -22, 32, -43, -3, 24, 122, -89, 8, 105, -77, -42, 99, 0, 0, 0, 0, 0, 17, 111, 31, 0, 0, 0, 0, 0, 89, 55, 13, 0, 0, 0, 0, 0, 52, 113, -48, 15, 86, -89, 8, 0, 0, 0, 0, 28, 0, 0, 0, 0, 0, 0, 0, 2, 0, 0, 0, 37, 36, 0, -122, 6, 29, 121, 111, 100, 101, 108, 45, 101, 100, 117, 99, 97, 116, 105, 111, 110, 46, 103, 108, 46, 97, 116, 46, 112, 108, 121, 46, 103, 103, 46, 70, -121, 2, 107, -15, 45, -84, -7, 52, -91, 96, 28, 63, -8, -128, 96, -122, 118, -33], tunnelServerId=0, tunnelId=3437008, dataCenterId=28, portOffset=0}
[09:18:27] [Thread-10/INFO]: [gg.playit.minecraft.PlayitManager] starting tcp tunnel for client
[09:18:27] [Thread-10/INFO]: [gg.playit.minecraft.PlayitTcpTunnel] start connection to /209.25.143.2:42760 to claim client
[09:18:27] [nioEventLoopGroup-2-1/INFO]: [gg.playit.minecraft.PlayitTcpTunnel] connected to tunnel server, sending claim token
[09:18:27] [nioEventLoopGroup-2-1/INFO]: [gg.playit.minecraft.PlayitTcpTunnel] claim token sent
[09:18:27] [nioEventLoopGroup-2-1/INFO]: [gg.playit.minecraft.PlayitTcpTunnel] connection to tunnel server has been established
[09:18:27] [nioEventLoopGroup-2-1/INFO]: [gg.playit.minecraft.PlayitTcpTunnel] connecting to minecraft server at localhost/127.0.0.1:25565
[09:18:27] [nioEventLoopGroup-2-2/INFO]: [gg.playit.minecraft.PlayitTcpTunnel] connected to local minecraft server
[09:18:27] [Netty Epoll IO #1/INFO]: [gg.playit.minecraft.PlayitHeaderDecoder] parsed playit header, true client IP: /103.115.206.76:59936
[09:18:27] [Netty Epoll IO #1/INFO]: [gg.playit.minecraft.PlayitHeaderDecoder] updated connection address on handler: packet_handler
[09:18:28] [User Authenticator #6/INFO]: UUID of player DARSH_BHALANI is 0fba7eb5-112d-3f22-87a4-35978da1ebd4
[09:18:28] [TAB Processing Thread/INFO]: [TAB] [WARN] Player DARSH_BHALANI's group (none) is not in sorting list! Sorting list: owner,admin,mod,helper,builder,vip,default. Player will be sorted on the bottom.
[09:18:28] [Server thread/INFO]: DARSH_BHALANI joined the game
[09:18:28] [Server thread/INFO]: DARSH_BHALANI[/103.115.206.76:59936] logged in with entity id 34080 at ([world]111.47504377619526, 69.0, -1579.6685341180014)
[09:18:45] [Server thread/INFO]: DARSH_BHALANI issued server command: /login Gamingop3
[09:20:16] [Server thread/INFO]: MUTHAL Kabir_Dua has made the advancement [What a Deal!]
[09:21:03] [Thread-10/INFO]: [gg.playit.control.ChannelSetup] send keep alive
[09:21:20] [Server thread/INFO]: Made DARSH_BHALANI a server operator
[09:21:31] [Server thread/INFO]: DARSH_BHALANI issued server command: /enchant density 5
[09:21:39] [Server thread/INFO]: DARSH_BHALANI issued server command: /enchant windburst 3
[09:21:47] [Server thread/INFO]: DARSH_BHALANI issued server command: /enchant unbreaking 3
[09:21:55] [Server thread/INFO]: DARSH_BHALANI issued server command: /enchant mending
[09:22:03] [Server thread/INFO]: DARSH_BHALANI issued server command: /enchant fireaspect 2
[09:22:19] [Server thread/INFO]: DARSH_BHALANI issued server command: /enchant breach 4
[09:22:19] [Server thread/INFO]: Kabir_Dua issued server command: /team warp base
[09:22:35] [Server thread/INFO]: LandeepSingh issued server command: /tpahere Dark_slayer_XD
[09:22:44] [Server thread/INFO]: Dark_slayer_XD issued server command: /tpaccept
[09:23:13] [Server thread/INFO]: LandeepSingh issued server command: /team echest
[09:23:16] [Server thread/INFO]: Kabir_Dua issued server command: /team home
[09:24:12] [Server thread/INFO]: Kabir_Dua issued server command: /team warp base
[09:25:04] [Thread-10/INFO]: [gg.playit.control.ChannelSetup] send keep alive
[09:25:59] [Server thread/INFO]: LandeepSingh issued server command: /teammsg isne sign board pe likha tha the muthal team raat me maro muthi subha karo chhuti
[09:26:21] [Server thread/INFO]: Kabir_Dua issued server command: /team echest
[09:26:23] [Server thread/INFO]: LandeepSingh issued server command: /team echest
[09:26:42] [Server thread/INFO]: MUTHAL Kabir_Dua has completed the challenge [Cover Me in Debris]
[09:27:03] [Server thread/INFO]: MUTHAL Kabir_Dua has made the advancement [Crafting a New Look]
[09:27:08] [Server thread/INFO]: LandeepSingh issued server command: /team echest
[09:27:23] [Server thread/INFO]: Kabir_Dua issued server command: /tpa here LandeepSingh
[09:27:42] [Server thread/INFO]: DARSH_BHALANI issued server command: /give DARSH_BHALANI wind_charge 128
[09:27:46] [Server thread/INFO]: Kabir_Dua issued server command: /tpa LandeepSingh
[09:28:02] [Server thread/INFO]: Kabir_Dua issued server command: /team echest
[09:28:05] [Server thread/INFO]: LandeepSingh issued server command: /tpahere Kabir_Dua
[09:28:10] [Server thread/INFO]: Kabir_Dua issued server command: /tpacce[t
[09:28:14] [Server thread/INFO]: Kabir_Dua issued server command: /tpaccept
[09:29:03] [Server thread/INFO]: [Noobs DARSH_BHALANI: Set own game mode to Creative Mode]
[09:29:04] [Thread-10/INFO]: [gg.playit.control.ChannelSetup] send keep alive
[09:29:19] [Server thread/INFO]: [Noobs DARSH_BHALANI: Set own game mode to Survival Mode]
[09:29:22] [Server thread/INFO]: [Noobs DARSH_BHALANI: Set own game mode to Creative Mode]
[09:29:38] [Server thread/INFO]: [Noobs DARSH_BHALANI: Set own game mode to Survival Mode]
[09:30:42] [Server thread/INFO]: Kabir_Dua issued server command: /team warp base
[09:31:08] [Server thread/INFO]: DARSH_BHALANI issued server command: /coords LandeepSingh
[09:32:30] [Server thread/INFO]: Kabir_Dua issued server command: /team echest
[09:32:31] [Server thread/INFO]: DARSH_BHALANI issued server command: /fly DARSH_BHALANI
[09:32:35] [Server thread/INFO]: LandeepSingh issued server command: /team echest
[09:33:05] [Thread-10/INFO]: [gg.playit.control.ChannelSetup] send keep alive
[09:33:14] [Server thread/INFO]: Villager Villager['Villager'/42048, uuid='759a8e75-ce10-4387-9e65-198bdf2503ec', l='ServerLevel[world]', x=2285.74, y=87.00, z=301.30, cpos=[142, 18], tl=3010, v=true] died, message: 'Villager was slain by Zombie'
[09:33:35] [Server thread/INFO]: Kabir_Dua issued server command: /team home
[09:33:38] [Server thread/INFO]: DARSH_BHALANI issued server command: /flyspeed 2
[09:33:50] [Server thread/INFO]: Kabir_Dua issued server command: /team warp base
[09:33:50] [Server thread/INFO]: Dark_slayer_XD issued server command: /team base
[09:33:53] [Server thread/INFO]: Dark_slayer_XD issued server command: /team warp base
[09:33:54] [Server thread/INFO]: Kabir_Dua issued server command: /team echest
[09:34:12] [Server thread/INFO]: Kabir_Dua issued server command: /team home
[09:34:14] [Server thread/INFO]: Dark_slayer_XD issued server command: /team echest
[09:34:31] [Thread-10/INFO]: [gg.playit.minecraft.PlayitManager] got new client: NewClient{connectAddr=147.185.221.22:18055, peerAddr=182.69.177.162:12699, claimAddress=209.25.143.2:39688, claimToken=[44, 0, 108, -109, -71, -35, 22, 70, -121, -74, 69, -79, -94, 49, -101, -81, 79, 104, 56, -101, 8, 105, -77, -38, 39, 0, 0, 0, 0, 0, 17, 111, 31, 0, 0, 0, 0, 0, 89, 55, 13, 0, 0, 0, 0, 0, 52, 113, -48, -51, 19, -101, 8, 0, 0, 0, 0, 28, 0, 0, 0, 0, 0, 0, 0, 2, 0, 3, 0, 38, 37, 0, -122, 6, 30, 121, 111, 100, 101, 108, 45, 101, 100, 117, 99, 97, 116, 105, 111, 110, 46, 103, 108, 46, 106, 111, 105, 110, 109, 99, 46, 108, 105, 110, 107, 99, -35, 1, 113, 10, 48, 125, 52, -121, -6, 79, 35, -122, 112, -84, -89, -52, 11, 121], tunnelServerId=0, tunnelId=3437008, dataCenterId=28, portOffset=0}
[09:34:31] [Thread-10/INFO]: [gg.playit.minecraft.PlayitManager] starting tcp tunnel for client
[09:34:31] [Thread-10/INFO]: [gg.playit.minecraft.PlayitTcpTunnel] start connection to /209.25.143.2:39688 to claim client
[09:34:31] [nioEventLoopGroup-2-3/INFO]: [gg.playit.minecraft.PlayitTcpTunnel] connected to tunnel server, sending claim token
[09:34:31] [nioEventLoopGroup-2-3/INFO]: [gg.playit.minecraft.PlayitTcpTunnel] claim token sent
[09:34:31] [nioEventLoopGroup-2-3/INFO]: [gg.playit.minecraft.PlayitTcpTunnel] connection to tunnel server has been established
[09:34:31] [nioEventLoopGroup-2-3/INFO]: [gg.playit.minecraft.PlayitTcpTunnel] connecting to minecraft server at localhost/127.0.0.1:25565
[09:34:31] [nioEventLoopGroup-2-4/INFO]: [gg.playit.minecraft.PlayitTcpTunnel] connected to local minecraft server
[09:34:31] [Netty Epoll IO #2/INFO]: [gg.playit.minecraft.PlayitHeaderDecoder] parsed playit header, true client IP: /182.69.177.162:12699
[09:34:31] [Netty Epoll IO #2/INFO]: [gg.playit.minecraft.PlayitHeaderDecoder] updated connection address on handler: packet_handler
[09:34:31] [Thread-10/INFO]: [gg.playit.minecraft.PlayitManager] got new client: NewClient{connectAddr=147.185.221.22:18055, peerAddr=182.69.177.162:11863, claimAddress=209.25.143.2:39688, claimToken=[44, 0, 107, -109, -71, -35, 22, 70, -121, -74, 69, -79, -94, 46, 87, -10, 29, 17, 29, -101, 8, 105, -77, -38, 39, 0, 0, 0, 0, 0, 17, 111, 31, 0, 0, 0, 0, 0, 89, 55, 13, 0, 0, 0, 0, 0, 52, 113, -48, -64, -7, -101, 8, 0, 0, 0, 0, 28, 0, 0, 0, 0, 0, 0, 0, 2, 0, 1, 0, 37, 36, 0, -122, 6, 29, 121, 111, 100, 101, 108, 45, 101, 100, 117, 99, 97, 116, 105, 111, 110, 46, 103, 108, 46, 97, 116, 46, 112, 108, 121, 46, 103, 103, 46, 70, -121, 2, -85, 48, -101, -76, -102, -7, 98, -57, 121, -22, -108, -87, -23, -69, -66, 60], tunnelServerId=0, tunnelId=3437008, dataCenterId=28, portOffset=0}
[09:34:31] [Thread-10/INFO]: [gg.playit.minecraft.PlayitManager] starting tcp tunnel for client
[09:34:31] [Thread-10/INFO]: [gg.playit.minecraft.PlayitTcpTunnel] start connection to /209.25.143.2:39688 to claim client
[09:34:31] [nioEventLoopGroup-2-1/INFO]: [gg.playit.minecraft.PlayitTcpTunnel] connected to tunnel server, sending claim token
[09:34:31] [nioEventLoopGroup-2-1/INFO]: [gg.playit.minecraft.PlayitTcpTunnel] claim token sent
[09:34:31] [nioEventLoopGroup-2-1/INFO]: [gg.playit.minecraft.PlayitTcpTunnel] connection to tunnel server has been established
[09:34:31] [nioEventLoopGroup-2-1/INFO]: [gg.playit.minecraft.PlayitTcpTunnel] connecting to minecraft server at localhost/127.0.0.1:25565
[09:34:31] [nioEventLoopGroup-2-2/INFO]: [gg.playit.minecraft.PlayitTcpTunnel] connected to local minecraft server
[09:34:31] [Netty Epoll IO #3/INFO]: [gg.playit.minecraft.PlayitHeaderDecoder] parsed playit header, true client IP: /182.69.177.162:11863
[09:34:31] [Netty Epoll IO #3/INFO]: [gg.playit.minecraft.PlayitHeaderDecoder] updated connection address on handler: packet_handler
[09:34:32] [User Authenticator #7/INFO]: UUID of player Sam60 is e6ca839e-eb8c-357b-9bba-1fadae31b4aa
[09:34:35] [Server thread/INFO]: DARSH_BHALANI issued server command: /fly DARSH_BHALANI
[09:34:35] [Server thread/INFO]: Sam60 joined the game
[09:34:35] [TAB Processing Thread/INFO]: [TAB] [WARN] Player Sam60's group (none) is not in sorting list! Sorting list: owner,admin,mod,helper,builder,vip,default. Player will be sorted on the bottom.
[09:34:35] [Server thread/INFO]: Sam60[/182.69.177.162:11863] logged in with entity id 49233 at ([world]114.64762080514167, 49.0, -1592.300000011921)
[09:34:43] [Server thread/INFO]: Dark_slayer_XD issued server command: /team eche
[09:34:44] [Server thread/INFO]: Sam60 issued server command: /login 06021606
[09:34:44] [Server thread/INFO]: Kabir_Dua issued server command: /team warp base
[09:34:46] [Server thread/INFO]: Dark_slayer_XD issued server command: /team echest
[09:35:27] [Server thread/INFO]: DARSH_BHALANI issued server command: /tpahere Sam60
[09:35:34] [Server thread/INFO]: Sam60 issued server command: /tpaccept DARSH_BHALANI
[09:35:44] [Async Chat Thread - #26/INFO]: [Not Secure] [MUTHAL] <Kabir_Dua> meri awaaz arhi??
[09:35:53] [Server thread/INFO]: DARSH_BHALANI issued server command: /withdraw 2
[09:35:53] [Async Chat Thread - #26/INFO]: [Not Secure] [MUTHAL] <Kabir_Dua> sand le ao
[09:35:55] [Server thread/INFO]: Sam60 issued server command: /team echest
[09:37:08] [Thread-10/INFO]: [gg.playit.control.ChannelSetup] send keep alive
[09:37:11] [Server thread/INFO]: DARSH_BHALANI issued server command: /ec
[09:37:17] [Server thread/INFO]: DARSH_BHALANI issued server command: /ec
[09:37:29] [Server thread/INFO]: DARSH_BHALANI issued server command: /ec
[09:37:35] [Server thread/INFO]: DARSH_BHALANI issued server command: /ec
[09:37:37] [Server thread/INFO]: Sam60 issued server command: /team echest
[09:38:21] [Server thread/INFO]: Dark_slayer_XD issued server command: /team echest
[09:38:49] [nioEventLoopGroup-2-3/WARN]: [gg.playit.minecraft.PlayitTcpTunnel] failed to send data to tunnel
[09:38:49] [Server thread/INFO]: Kabir_Dua lost connection: Disconnected
[09:38:49] [Server thread/INFO]: MUTHAL Kabir_Dua left the game
[09:38:59] [Server thread/INFO]: DARSH_BHALANI issued server command: /tpahere Sam60
[09:39:00] [Thread-10/INFO]: [gg.playit.minecraft.PlayitManager] got new client: NewClient{connectAddr=147.185.221.22:18055, peerAddr=122.162.144.172:18469, claimAddress=209.25.143.2:39688, claimToken=[44, 0, 108, -109, -71, -35, 22, 70, -121, 122, -94, -112, -84, 72, 37, -128, 65, 108, -61, -101, 8, 105, -77, -37, 52, 0, 0, 0, 0, 0, 17, 111, 31, 0, 0, 0, 0, 0, 89, 55, 13, 0, 0, 0, 0, 0, 52, 113, -48, -128, -98, -101, 8, 0, 0, 0, 0, 28, 0, 0, 0, 0, 0, 0, 0, 2, 0, 3, 0, 38, 37, 0, -126, 6, 30, 121, 111, 100, 101, 108, 45, 101, 100, 117, 99, 97, 116, 105, 111, 110, 46, 103, 108, 46, 106, 111, 105, 110, 109, 99, 46, 108, 105, 110, 107, 99, -35, 1, 7, -99, -101, 76, 6, -105, -121, -25, 76, 114, 34, -128, 73, -57, -62, 30], tunnelServerId=0, tunnelId=3437008, dataCenterId=28, portOffset=0}
[09:39:00] [Thread-10/INFO]: [gg.playit.minecraft.PlayitManager] starting tcp tunnel for client
[09:39:00] [Thread-10/INFO]: [gg.playit.minecraft.PlayitTcpTunnel] start connection to /209.25.143.2:39688 to claim client
[09:39:00] [nioEventLoopGroup-2-3/INFO]: [gg.playit.minecraft.PlayitTcpTunnel] connected to tunnel server, sending claim token
[09:39:00] [nioEventLoopGroup-2-3/INFO]: [gg.playit.minecraft.PlayitTcpTunnel] claim token sent
[09:39:00] [nioEventLoopGroup-2-3/INFO]: [gg.playit.minecraft.PlayitTcpTunnel] connection to tunnel server has been established
[09:39:00] [nioEventLoopGroup-2-3/INFO]: [gg.playit.minecraft.PlayitTcpTunnel] connecting to minecraft server at localhost/127.0.0.1:25565
[09:39:00] [nioEventLoopGroup-2-4/INFO]: [gg.playit.minecraft.PlayitTcpTunnel] connected to local minecraft server
[09:39:00] [Netty Epoll IO #0/INFO]: [gg.playit.minecraft.PlayitHeaderDecoder] parsed playit header, true client IP: /122.162.144.172:18469
[09:39:00] [Netty Epoll IO #0/INFO]: [gg.playit.minecraft.PlayitHeaderDecoder] updated connection address on handler: packet_handler
[09:39:05] [Server thread/INFO]: Sam60 issued server command: /tpaccept DARSH_BHALANI
[09:39:24] [Thread-10/INFO]: [gg.playit.minecraft.PlayitManager] got new client: NewClient{connectAddr=147.185.221.22:18055, peerAddr=103.212.158.163:56598, claimAddress=209.25.143.2:43784, claimToken=[44, 0, 107, -109, -71, -35, 22, 70, -121, 103, -44, -98, -93, -35, 22, -89, -37, -94, -122, -85, 8, 105, -77, -37, 76, 0, 0, 0, 0, 0, 17, 111, 31, 0, 0, 0, 0, 0, 89, 55, 13, 0, 0, 0, 0, 0, 52, 113, -48, 26, 98, -85, 8, 0, 0, 0, 0, 28, 0, 0, 0, 0, 0, 0, 0, 2, 0, 2, 0, 37, 36, 0, -122, 6, 29, 121, 111, 100, 101, 108, 45, 101, 100, 117, 99, 97, 116, 105, 111, 110, 46, 103, 108, 46, 97, 116, 46, 112, 108, 121, 46, 103, 103, 46, 70, -121, 2, 109, -56, -54, -116, 31, 70, -89, 16, -82, 8, -71, -28, 37, -38, -27, 7], tunnelServerId=0, tunnelId=3437008, dataCenterId=28, portOffset=0}
[09:39:24] [Thread-10/INFO]: [gg.playit.minecraft.PlayitManager] starting tcp tunnel for client
[09:39:24] [Thread-10/INFO]: [gg.playit.minecraft.PlayitTcpTunnel] start connection to /209.25.143.2:43784 to claim client
[09:39:24] [nioEventLoopGroup-2-1/INFO]: [gg.playit.minecraft.PlayitTcpTunnel] connected to tunnel server, sending claim token
[09:39:24] [nioEventLoopGroup-2-1/INFO]: [gg.playit.minecraft.PlayitTcpTunnel] claim token sent
[09:39:24] [nioEventLoopGroup-2-1/INFO]: [gg.playit.minecraft.PlayitTcpTunnel] connection to tunnel server has been established
[09:39:24] [nioEventLoopGroup-2-1/INFO]: [gg.playit.minecraft.PlayitTcpTunnel] connecting to minecraft server at localhost/127.0.0.1:25565
[09:39:24] [nioEventLoopGroup-2-2/INFO]: [gg.playit.minecraft.PlayitTcpTunnel] connected to local minecraft server
[09:39:24] [Netty Epoll IO #1/INFO]: [gg.playit.minecraft.PlayitHeaderDecoder] parsed playit header, true client IP: /103.212.158.163:56598
[09:39:24] [Netty Epoll IO #1/INFO]: [gg.playit.minecraft.PlayitHeaderDecoder] updated connection address on handler: packet_handler
[09:39:24] [User Authenticator #8/INFO]: UUID of player Kabir_Dua is 660320b4-f589-3e1f-8222-c8528758d902
[09:39:25] [TAB Processing Thread/INFO]: [TAB] [WARN] Player Kabir_Dua's group (none) is not in sorting list! Sorting list: owner,admin,mod,helper,builder,vip,default. Player will be sorted on the bottom.
[09:39:25] [Server thread/INFO]: MUTHAL Kabir_Dua joined the game
[09:39:25] [Server thread/INFO]: Kabir_Dua[/103.212.158.163:56598] logged in with entity id 52242 at ([world]2289.5393347465183, 0.0, 348.30000001192093)
[09:39:31] [Thread-10/INFO]: [gg.playit.minecraft.PlayitManager] got new client: NewClient{connectAddr=147.185.221.22:18055, peerAddr=103.212.158.163:56624, claimAddress=209.25.143.2:42760, claimToken=[44, 0, 107, -109, -71, -35, 22, 70, -121, 103, -44, -98, -93, -35, 48, 89, -71, -125, -116, -89, 8, 105, -77, -37, 83, 0, 0, 0, 0, 0, 17, 111, 31, 0, 0, 0, 0, 0, 89, 55, 13, 0, 0, 0, 0, 0, 52, 113, -48, 92, 104, -89, 8, 0, 0, 0, 0, 28, 0, 0, 0, 0, 0, 0, 0, 2, 0, 2, 0, 37, 36, 0, -122, 6, 29, 121, 111, 100, 101, 108, 45, 101, 100, 117, 99, 97, 116, 105, 111, 110, 46, 103, 108, 46, 97, 116, 46, 112, 108, 121, 46, 103, 103, 46, 70, -121, 2, 20, -6, 51, 44, -50, 83, -126, 38, 76, -5, 43, -9, 42, 3, 75, -92], tunnelServerId=0, tunnelId=3437008, dataCenterId=28, portOffset=0}
[09:39:31] [Thread-10/INFO]: [gg.playit.minecraft.PlayitManager] starting tcp tunnel for client
[09:39:31] [Thread-10/INFO]: [gg.playit.minecraft.PlayitTcpTunnel] start connection to /209.25.143.2:42760 to claim client
[09:39:31] [nioEventLoopGroup-2-3/INFO]: [gg.playit.minecraft.PlayitTcpTunnel] connected to tunnel server, sending claim token
[09:39:31] [nioEventLoopGroup-2-3/INFO]: [gg.playit.minecraft.PlayitTcpTunnel] claim token sent
[09:39:31] [nioEventLoopGroup-2-3/INFO]: [gg.playit.minecraft.PlayitTcpTunnel] connection to tunnel server has been established
[09:39:31] [nioEventLoopGroup-2-3/INFO]: [gg.playit.minecraft.PlayitTcpTunnel] connecting to minecraft server at localhost/127.0.0.1:25565
[09:39:31] [nioEventLoopGroup-2-4/INFO]: [gg.playit.minecraft.PlayitTcpTunnel] connected to local minecraft server
[09:39:31] [Netty Epoll IO #2/INFO]: [gg.playit.minecraft.PlayitHeaderDecoder] parsed playit header, true client IP: /103.212.158.163:56624
[09:39:31] [Netty Epoll IO #2/INFO]: [gg.playit.minecraft.PlayitHeaderDecoder] updated connection address on handler: packet_handler
[09:39:31] [User Authenticator #8/INFO]: UUID of player Kabir_Dua is 660320b4-f589-3e1f-8222-c8528758d902
[09:39:31] [Server thread/INFO]: Kabir_Dua lost connection: You logged in from another location
[09:39:31] [Server thread/INFO]: Kabir_Dua left the game
[09:39:32] [TAB Processing Thread/INFO]: [TAB] [WARN] Player Kabir_Dua's group (none) is not in sorting list! Sorting list: owner,admin,mod,helper,builder,vip,default. Player will be sorted on the bottom.
[09:39:32] [Server thread/INFO]: MUTHAL Kabir_Dua joined the game
[09:39:32] [Server thread/INFO]: Kabir_Dua[/103.212.158.163:56624] logged in with entity id 52294 at ([world]2289.5393347465183, 0.0, 348.30000001192093)
[09:39:35] [Server thread/INFO]: [Noobs DARSH_BHALANI: Set own game mode to Creative Mode]
[09:39:37] [Server thread/INFO]: Kabir_Dua issued server command: /login rgblights
[09:39:41] [Server thread/INFO]: [Noobs DARSH_BHALANI: Set own game mode to Survival Mode]
[09:39:46] [Server thread/INFO]: [Noobs DARSH_BHALANI: Set own game mode to Creative Mode]
[09:39:48] [Server thread/INFO]: [Noobs DARSH_BHALANI: Set own game mode to Survival Mode]
[09:40:50] [Server thread/INFO]: LandeepSingh issued server command: /teammsg lund xp bottle banti nhi h trade hoti h
[09:41:11] [Thread-10/INFO]: [gg.playit.control.ChannelSetup] send keep alive
[09:41:12] [Server thread/INFO]: Kabir_Dua issued server command: /team warp base
[09:41:23] [Server thread/INFO]: LandeepSingh issued server command: /team echest
[09:41:25] [Server thread/INFO]: [Noobs DARSH_BHALANI: Set own game mode to Creative Mode]
[09:41:33] [Server thread/INFO]: [Noobs DARSH_BHALANI: Set own game mode to Survival Mode]
[09:41:38] [Server thread/INFO]: LandeepSingh issued server command: /team echest
[09:41:51] [Server thread/INFO]: Dark_slayer_XD issued server command: /team warp base
[09:41:58] [Server thread/INFO]: Kabir_Dua issued server command: /team home
[09:42:19] [Server thread/INFO]: Kabir_Dua issued server command: /team warp base
[09:42:25] [Async Chat Thread - #30/INFO]: [Not Secure] [MUTHAL] <LandeepSingh> lakdi dedo
[09:42:52] [Server thread/INFO]: LandeepSingh issued server command: /teammsg tumhari mkc
[09:42:56] [Server thread/INFO]: LandeepSingh issued server command: /teammsg dalllow
[09:43:02] [Server thread/INFO]: LandeepSingh issued server command: /teammsg lakdi dedo yr
[09:43:12] [Server thread/INFO]: LandeepSingh issued server command: /teammsg mai nhi ja skta idhr se
[09:43:40] [Server thread/INFO]: LandeepSingh issued server command: /team echest
[09:43:52] [Server thread/INFO]: DARSH_BHALANI issued server command: /coords LandeepSingh
[09:44:12] [Server thread/INFO]: DARSH_BHALANI issued server command: /coords Kabir_Dua
[09:44:20] [Server thread/INFO]: LandeepSingh issued server command: /teammsg lakdi dedo yr
[09:44:21] [Server thread/INFO]: LandeepSingh issued server command: /teammsg lakdi dedo yr
[09:44:21] [Server thread/INFO]: LandeepSingh issued server command: /teammsg lakdi dedo yr
[09:44:22] [Server thread/INFO]: LandeepSingh issued server command: /teammsg lakdi dedo yr
[09:44:22] [Server thread/INFO]: LandeepSingh issued server command: /teammsg lakdi dedo yr
[09:44:22] [Server thread/INFO]: LandeepSingh issued server command: /teammsg lakdi dedo yr
[09:44:23] [Server thread/INFO]: LandeepSingh issued server command: /teammsg lakdi dedo yr
[09:44:23] [Server thread/INFO]: LandeepSingh issued server command: /teammsg lakdi dedo yr
[09:44:30] [Server thread/INFO]: DARSH_BHALANI issued server command: /coords Dark_slayer_XD
[09:44:44] [Server thread/INFO]: LandeepSingh issued server command: /team echest
[09:45:11] [Thread-10/INFO]: [gg.playit.control.ChannelSetup] send keep alive
[09:45:16] [Server thread/INFO]: LandeepSingh issued server command: /teammsg lakdi dedo yr
[09:45:22] [Server thread/INFO]: Kabir_Dua issued server command: /team echest
[09:45:26] [Server thread/INFO]: LandeepSingh issued server command: /team echest
[09:46:44] [Server thread/INFO]: Dark_slayer_XD issued server command: /tpa LandeepSingh
[09:46:45] [Server thread/INFO]: LandeepSingh issued server command: /team echest
[09:46:49] [Server thread/INFO]: DARSH_BHALANI issued server command: /coords Dark_slayer_XD
[09:46:56] [Server thread/INFO]: LandeepSingh issued server command: /tpaccept
[09:47:09] [Server thread/INFO]: Sam60 issued server command: /tpa DARSH_BHALANI
[09:47:11] [Server thread/INFO]: DARSH_BHALANI issued server command: /tpahere Sam60
[09:47:18] [Server thread/INFO]: Sam60 issued server command: /tpaccept DARSH_BHALANI
[09:47:41] [Async Chat Thread - #34/INFO]: [Not Secure] [MUTHAL] <LandeepSingh> darsh wyd?
[09:47:47] [Async Chat Thread - #34/INFO]: [Not Secure] [Noobs] <DARSH_BHALANI> nothing
[09:47:52] [Async Chat Thread - #34/INFO]: [Not Secure] [MUTHAL] <Kabir_Dua> just love
[09:47:55] [Async Chat Thread - #34/INFO]: [Not Secure] [MUTHAL] <LandeepSingh> kuch to kr rhe honhe
[09:48:02] [Async Chat Thread - #34/INFO]: [Not Secure] [MUTHAL] <Kabir_Dua> darsh
[09:48:05] [Server thread/INFO]: DARSH_BHALANI issued server command: /coords Kabir_Dua
[09:48:09] [Async Chat Thread - #35/INFO]: [Not Secure] [MUTHAL] <Kabir_Dua> new laptop agya
[09:48:10] [Async Chat Thread - #35/INFO]: [Not Secure] [MUTHAL] <Kabir_Dua> mera
[09:48:12] [Async Chat Thread - #35/INFO]: [Not Secure] [Noobs] <DARSH_BHALANI> nice
[09:48:20] [Async Chat Thread - #35/INFO]: [Not Secure] [MUTHAL] <Kabir_Dua> rtx 4050 sahi hia?
[09:48:24] [Async Chat Thread - #35/INFO]: [Not Secure] [MUTHAL] <Kabir_Dua> gta run hogi?
[09:48:28] [Async Chat Thread - #35/INFO]: [Not Secure] [Noobs] <DARSH_BHALANI> han
[09:48:35] [Server thread/INFO]: DARSH_BHALANI issued server command: /coords Kabir_Dua
[09:48:40] [Async Chat Thread - #34/INFO]: [Not Secure] [MUTHAL] <Kabir_Dua> crajy
[09:49:05] [Server thread/INFO]: DARSH_BHALANI issued server command: /coords Kabir_Dua
[09:49:12] [Thread-10/INFO]: [gg.playit.control.ChannelSetup] send keep alive
[09:49:16] [Server thread/INFO]: Dark_slayer_XD issued server command: /tpa LandeepSingh
[09:49:22] [Server thread/INFO]: DARSH_BHALANI issued server command: /coords Dark_slayer_XD
[09:49:26] [Server thread/INFO]: LandeepSingh issued server command: /tpaccept
[09:50:02] [Thread-10/INFO]: [gg.playit.minecraft.PlayitManager] got new client: NewClient{connectAddr=147.185.221.22:18055, peerAddr=122.162.144.172:25629, claimAddress=209.25.143.2:39688, claimToken=[44, 0, 110, -109, -71, -35, 22, 70, -121, 122, -94, -112, -84, 100, 29, 121, -116, -97, -19, -101, 8, 105, -77, -35, -54, 0, 0, 0, 0, 0, 17, 111, 31, 0, 0, 0, 0, 0, 89, 55, 13, 0, 0, 0, 0, 0, 52, 113, -48, 78, -58, -101, 8, 0, 0, 0, 0, 28, 0, 0, 0, 0, 0, 0, 0, 2, 0, 2, 0, 40, 37, 0, -126, 6, 30, 121, 111, 100, 101, 108, 45, 101, 100, 117, 99, 97, 116, 105, 111, 110, 46, 103, 108, 46, 106, 111, 105, 110, 109, 99, 46, 108, 105, 110, 107, 99, -35, 1, 1, 0, 110, 78, -33, -61, -99, 45, 39, -117, -19, 126, -66, 29, -2, -62, 36, 112], tunnelServerId=0, tunnelId=3437008, dataCenterId=28, portOffset=0}
[09:50:02] [Thread-10/INFO]: [gg.playit.minecraft.PlayitManager] starting tcp tunnel for client
[09:50:02] [Thread-10/INFO]: [gg.playit.minecraft.PlayitTcpTunnel] start connection to /209.25.143.2:39688 to claim client
[09:50:02] [nioEventLoopGroup-2-1/INFO]: [gg.playit.minecraft.PlayitTcpTunnel] connected to tunnel server, sending claim token
[09:50:02] [nioEventLoopGroup-2-1/INFO]: [gg.playit.minecraft.PlayitTcpTunnel] claim token sent
[09:50:02] [nioEventLoopGroup-2-1/INFO]: [gg.playit.minecraft.PlayitTcpTunnel] connection to tunnel server has been established
[09:50:02] [nioEventLoopGroup-2-1/INFO]: [gg.playit.minecraft.PlayitTcpTunnel] connecting to minecraft server at localhost/127.0.0.1:25565
[09:50:02] [nioEventLoopGroup-2-2/INFO]: [gg.playit.minecraft.PlayitTcpTunnel] connected to local minecraft server
[09:50:02] [Netty Epoll IO #3/INFO]: [gg.playit.minecraft.PlayitHeaderDecoder] parsed playit header, true client IP: /122.162.144.172:25629
[09:50:02] [Netty Epoll IO #3/INFO]: [gg.playit.minecraft.PlayitHeaderDecoder] updated connection address on handler: packet_handler
[09:50:25] [Server thread/INFO]: Kabir_Dua issued server command: /team warp base
[09:50:26] [Server thread/INFO]: DARSH_BHALANI issued server command: /coords Dark_slayer_XD
[09:50:35] [Server thread/INFO]: Kabir_Dua issued server command: /team home
[09:50:50] [Server thread/INFO]: Dark_slayer_XD issued server command: /team warp fortress
[09:50:58] [Server thread/INFO]: Dark_slayer_XD issued server command: /tpa LandeepSingh
[09:51:25] [Server thread/INFO]: DARSH_BHALANI issued server command: /team pvp
[09:51:27] [Server thread/INFO]: MUTHAL Dark_slayer_XD has made the advancement [Hot Stuff]
[09:51:29] [Server thread/INFO]: LandeepSingh issued server command: /tpaccept
[09:52:04] [Server thread/INFO]: Kabir_Dua issued server command: /team warp base
[09:52:07] [Server thread/INFO]: Dark_slayer_XD issued server command: /team home
[09:52:13] [Server thread/INFO]: Dark_slayer_XD issued server command: /tpa LandeepSingh
[09:52:18] [Server thread/INFO]: LandeepSingh issued server command: /tpaccept
[09:52:29] [Server thread/INFO]: Kabir_Dua issued server command: /team home
[09:52:42] [Server thread/INFO]: Kabir_Dua issued server command: /team warp base
[09:53:12] [Thread-10/INFO]: [gg.playit.control.ChannelSetup] send keep alive
[09:53:31] [Server thread/INFO]: Dark_slayer_XD issued server command: /tpahere Kabir_Dua
[09:53:37] [Server thread/INFO]: Kabir_Dua issued server command: /team home
[09:53:39] [Server thread/INFO]: Noobs Sam60 has made the advancement [Ice Bucket Challenge]
[09:54:04] [Server thread/INFO]: DARSH_BHALANI issued server command: /tpahere Sam60
[09:54:04] [Server thread/INFO]: Sam60 issued server command: /tpaccept DARSH_BHALANI
[09:54:08] [Server thread/INFO]: Kabir_Dua issued server command: /team warp base
[09:54:21] [Server thread/INFO]: Kabir_Dua issued server command: /team home
[09:54:21] [Server thread/INFO]: DARSH_BHALANI issued server command: /team setwarp Kabir
[09:54:34] [Server thread/INFO]: MUTHAL Kabir_Dua was slain by Noobs DARSH_BHALANI
[09:54:37] [Server thread/INFO]: Villager Villager['Librarian'/32068, uuid='f974f888-cae9-44b4-a5cd-9235dbe9b27f', l='ServerLevel[world]', x=1309.43, y=57.56, z=749.38, cpos=[81, 46], tl=17483, v=true] died, message: 'Librarian was slain by Noobs Sam60'
[09:54:39] [Server thread/INFO]: LandeepSingh issued server command: /tpahere Kabir_Dua
[09:54:39] [Server thread/INFO]: Villager Villager['Librarian'/32059, uuid='d4374723-3d70-41bb-840c-1928d1e8dd17', l='ServerLevel[world]', x=1309.63, y=57.56, z=748.60, cpos=[81, 46], tl=17573, v=true] died, message: 'Librarian was slain by Noobs Sam60'
[09:54:41] [Server thread/INFO]: MUTHAL Kabir_Dua was slain by Noobs DARSH_BHALANI
[09:54:41] [Server thread/INFO]: Villager Villager['Villager'/32063, uuid='6e2e6645-17ff-4005-b46f-eaf8395ac53d', l='ServerLevel[world]', x=1312.49, y=57.00, z=755.86, cpos=[82, 47], tl=17612, v=true] died, message: 'Villager was slain by Noobs Sam60'
[09:54:45] [Server thread/INFO]: Villager Villager['Fletcher'/32058, uuid='74632df1-2164-476d-b8c8-48de818398e0', l='ServerLevel[world]', x=1314.42, y=57.00, z=756.93, cpos=[82, 47], tl=17697, v=true] died, message: 'Fletcher was slain by Noobs DARSH_BHALANI'
[09:54:47] [Server thread/INFO]: Villager Villager['Librarian'/32069, uuid='69713ed1-1988-4d91-87fb-d97f3238e27c', l='ServerLevel[world]', x=1314.71, y=57.00, z=758.74, cpos=[82, 47], tl=17922, v=true] died, message: 'Librarian was slain by Noobs DARSH_BHALANI'
[09:54:48] [Server thread/INFO]: Dark_slayer_XD issued server command: /withdraw 10
[09:54:51] [Server thread/INFO]: Villager Villager['Librarian'/32067, uuid='328d9182-5cbb-481c-ae85-9f565684db6e', l='ServerLevel[world]', x=1313.76, y=57.41, z=762.62, cpos=[82, 47], tl=17641, v=true] died, message: 'Librarian was slain by Noobs DARSH_BHALANI'
[09:54:53] [Server thread/INFO]: Villager Villager['Fletcher'/32061, uuid='9f95452e-8dab-496f-988e-0860127aca53', l='ServerLevel[world]', x=1313.69, y=57.00, z=761.51, cpos=[82, 47], tl=17853, v=true] died, message: 'Fletcher was slain by Noobs DARSH_BHALANI'
[09:54:57] [Server thread/INFO]: Villager Villager['Librarian'/32060, uuid='db82de00-86d8-40ea-a6f8-10ca02bb3dc5', l='ServerLevel[world]', x=1318.50, y=57.00, z=759.50, cpos=[82, 47], tl=17920, v=true] died, message: 'Librarian was slain by Noobs DARSH_BHALANI'
[09:54:58] [Server thread/INFO]: Villager Villager['Fletcher'/32056, uuid='60c46310-a64f-4985-9133-767629a13a20', l='ServerLevel[world]', x=1320.96, y=57.00, z=749.78, cpos=[82, 46], tl=17955, v=true] died, message: 'Fletcher was slain by Noobs DARSH_BHALANI'
[09:54:59] [Server thread/INFO]: Villager Villager['Cartographer'/32062, uuid='ae2cee57-2d36-46bb-a22a-64040534a3ea', l='ServerLevel[world]', x=1320.86, y=57.00, z=748.30, cpos=[82, 46], tl=17977, v=true] died, message: 'Cartographer was slain by Noobs DARSH_BHALANI'
[09:55:00] [Server thread/INFO]: Villager Villager['Librarian'/32055, uuid='3e6e1ab3-73e8-432e-90ca-dfefde41e6d3', l='ServerLevel[world]', x=1322.25, y=57.56, z=748.75, cpos=[82, 46], tl=17990, v=true] died, message: 'Librarian was slain by Noobs DARSH_BHALANI'
[09:55:14] [nioEventLoopGroup-2-3/WARN]: [gg.playit.minecraft.PlayitTcpTunnel] failed to send data to tunnel
[09:55:14] [Server thread/INFO]: Kabir_Dua lost connection: Disconnected
[09:55:14] [Server thread/INFO]: MUTHAL Kabir_Dua left the game
[09:55:17] [Thread-10/INFO]: [gg.playit.minecraft.PlayitManager] got new client: NewClient{connectAddr=147.185.221.22:18055, peerAddr=103.212.158.163:65279, claimAddress=209.25.143.2:42760, claimToken=[44, 0, 107, -109, -71, -35, 22, 70, -121, 103, -44, -98, -93, -2, -1, 73, 127, -32, 92, -89, 8, 105, -77, -33, 5, 0, 0, 0, 0, 0, 17, 111, 31, 0, 0, 0, 0, 0, 89, 55, 13, 0, 0, 0, 0, 0, 52, 113, -48, 49, 56, -89, 8, 0, 0, 0, 0, 28, 0, 0, 0, 0, 0, 0, 0, 2, 0, 1, 0, 37, 36, 0, -122, 6, 29, 121, 111, 100, 101, 108, 45, 101, 100, 117, 99, 97, 116, 105, 111, 110, 46, 103, 108, 46, 97, 116, 46, 112, 108, 121, 46, 103, 103, 46, 70, -121, 2, -29, 108, -113, 20, -1, -69, -51, 20, -97, -43, 31, 43, -19, -55, 16, -81], tunnelServerId=0, tunnelId=3437008, dataCenterId=28, portOffset=0}
[09:55:17] [Thread-10/INFO]: [gg.playit.minecraft.PlayitManager] starting tcp tunnel for client
[09:55:17] [Thread-10/INFO]: [gg.playit.minecraft.PlayitTcpTunnel] start connection to /209.25.143.2:42760 to claim client
[09:55:17] [nioEventLoopGroup-2-3/INFO]: [gg.playit.minecraft.PlayitTcpTunnel] connected to tunnel server, sending claim token
[09:55:17] [nioEventLoopGroup-2-3/INFO]: [gg.playit.minecraft.PlayitTcpTunnel] claim token sent
[09:55:17] [nioEventLoopGroup-2-3/INFO]: [gg.playit.minecraft.PlayitTcpTunnel] connection to tunnel server has been established
[09:55:17] [nioEventLoopGroup-2-3/INFO]: [gg.playit.minecraft.PlayitTcpTunnel] connecting to minecraft server at localhost/127.0.0.1:25565
[09:55:17] [nioEventLoopGroup-2-4/INFO]: [gg.playit.minecraft.PlayitTcpTunnel] connected to local minecraft server
[09:55:17] [Netty Epoll IO #0/INFO]: [gg.playit.minecraft.PlayitHeaderDecoder] parsed playit header, true client IP: /103.212.158.163:65279
[09:55:17] [Netty Epoll IO #0/INFO]: [gg.playit.minecraft.PlayitHeaderDecoder] updated connection address on handler: packet_handler
[09:55:17] [User Authenticator #9/INFO]: UUID of player Kabir_Dua is 660320b4-f589-3e1f-8222-c8528758d902
[09:55:17] [TAB Processing Thread/INFO]: [TAB] [WARN] Player Kabir_Dua's group (none) is not in sorting list! Sorting list: owner,admin,mod,helper,builder,vip,default. Player will be sorted on the bottom.
[09:55:17] [Server thread/INFO]: MUTHAL Kabir_Dua joined the game
[09:55:17] [Server thread/INFO]: Kabir_Dua[/103.212.158.163:65279] logged in with entity id 63384 at ([world]1316.9991685729005, 57.0, 761.1636597893066)
[09:55:21] [Thread-10/INFO]: [gg.playit.minecraft.PlayitManager] got new client: NewClient{connectAddr=147.185.221.22:18055, peerAddr=103.212.158.163:65283, claimAddress=209.25.143.2:42760, claimToken=[44, 0, 107, -109, -71, -35, 22, 70, -121, 103, -44, -98, -93, -1, 3, 88, 6, 56, -108, -89, 8, 105, -77, -33, 9, 0, 0, 0, 0, 0, 17, 111, 31, 0, 0, 0, 0, 0, 89, 55, 13, 0, 0, 0, 0, 0, 52, 113, -48, -80, 112, -89, 8, 0, 0, 0, 0, 28, 0, 0, 0, 0, 0, 0, 0, 2, 0, 0, 0, 37, 36, 0, -122, 6, 29, 121, 111, 100, 101, 108, 45, 101, 100, 117, 99, 97, 116, 105, 111, 110, 46, 103, 108, 46, 97, 116, 46, 112, 108, 121, 46, 103, 103, 46, 70, -121, 2, 31, -107, -103, 76, -88, -101, 52, -19, 83, -19, -110, 4, -19, -120, -7, -63], tunnelServerId=0, tunnelId=3437008, dataCenterId=28, portOffset=0}
[09:55:21] [Thread-10/INFO]: [gg.playit.minecraft.PlayitManager] starting tcp tunnel for client
[09:55:21] [Thread-10/INFO]: [gg.playit.minecraft.PlayitTcpTunnel] start connection to /209.25.143.2:42760 to claim client
[09:55:21] [nioEventLoopGroup-2-1/INFO]: [gg.playit.minecraft.PlayitTcpTunnel] connected to tunnel server, sending claim token
[09:55:21] [nioEventLoopGroup-2-1/INFO]: [gg.playit.minecraft.PlayitTcpTunnel] claim token sent
[09:55:21] [nioEventLoopGroup-2-1/INFO]: [gg.playit.minecraft.PlayitTcpTunnel] connection to tunnel server has been established
[09:55:21] [nioEventLoopGroup-2-1/INFO]: [gg.playit.minecraft.PlayitTcpTunnel] connecting to minecraft server at localhost/127.0.0.1:25565
[09:55:21] [nioEventLoopGroup-2-2/INFO]: [gg.playit.minecraft.PlayitTcpTunnel] connected to local minecraft server
[09:55:21] [Netty Epoll IO #1/INFO]: [gg.playit.minecraft.PlayitHeaderDecoder] parsed playit header, true client IP: /103.212.158.163:65283
[09:55:21] [Netty Epoll IO #1/INFO]: [gg.playit.minecraft.PlayitHeaderDecoder] updated connection address on handler: packet_handler
[09:55:21] [nioEventLoopGroup-2-2/WARN]: [gg.playit.minecraft.PlayitTcpTunnel] failed to send data to minecraft server
[09:55:23] [Thread-10/INFO]: [gg.playit.minecraft.PlayitManager] got new client: NewClient{connectAddr=147.185.221.22:18055, peerAddr=103.212.158.163:65284, claimAddress=209.25.143.2:42760, claimToken=[44, 0, 107, -109, -71, -35, 22, 70, -121, 103, -44, -98, -93, -1, 4, 58, 27, -24, -21, -89, 8, 105, -77, -33, 11, 0, 0, 0, 0, 0, 17, 111, 31, 0, 0, 0, 0, 0, 89, 55, 13, 0, 0, 0, 0, 0, 52, 113, -48, -87, -57, -89, 8, 0, 0, 0, 0, 28, 0, 0, 0, 0, 0, 0, 0, 2, 0, 5, 0, 37, 36, 0, -122, 6, 29, 121, 111, 100, 101, 108, 45, 101, 100, 117, 99, 97, 116, 105, 111, 110, 46, 103, 108, 46, 97, 116, 46, 112, 108, 121, 46, 103, 103, 46, 70, -121, 2, 103, -50, -117, -8, 57, -99, -40, -20, 34, 62, -50, 27, 96, 62, -26, 45], tunnelServerId=0, tunnelId=3437008, dataCenterId=28, portOffset=0}
[09:55:23] [Thread-10/INFO]: [gg.playit.minecraft.PlayitManager] starting tcp tunnel for client
[09:55:23] [Thread-10/INFO]: [gg.playit.minecraft.PlayitTcpTunnel] start connection to /209.25.143.2:42760 to claim client
[09:55:23] [nioEventLoopGroup-2-3/INFO]: [gg.playit.minecraft.PlayitTcpTunnel] connected to tunnel server, sending claim token
[09:55:23] [nioEventLoopGroup-2-3/INFO]: [gg.playit.minecraft.PlayitTcpTunnel] claim token sent
[09:55:23] [nioEventLoopGroup-2-3/INFO]: [gg.playit.minecraft.PlayitTcpTunnel] connection to tunnel server has been established
[09:55:23] [nioEventLoopGroup-2-3/INFO]: [gg.playit.minecraft.PlayitTcpTunnel] connecting to minecraft server at localhost/127.0.0.1:25565
[09:55:23] [nioEventLoopGroup-2-4/INFO]: [gg.playit.minecraft.PlayitTcpTunnel] connected to local minecraft server
[09:55:23] [Netty Epoll IO #2/INFO]: [gg.playit.minecraft.PlayitHeaderDecoder] parsed playit header, true client IP: /103.212.158.163:65284
[09:55:23] [Netty Epoll IO #2/INFO]: [gg.playit.minecraft.PlayitHeaderDecoder] updated connection address on handler: packet_handler
[09:55:23] [nioEventLoopGroup-2-4/WARN]: [gg.playit.minecraft.PlayitTcpTunnel] failed to send data to minecraft server
[09:55:24] [Server thread/INFO]: DARSH_BHALANI issued server command: /team warp Kabir
[09:55:26] [Thread-10/INFO]: [gg.playit.minecraft.PlayitManager] got new client: NewClient{connectAddr=147.185.221.22:18055, peerAddr=103.212.158.163:65285, claimAddress=209.25.143.2:42760, claimToken=[44, 0, 107, -109, -71, -35, 22, 70, -121, 103, -44, -98, -93, -1, 5, 32, 64, 124, 93, -89, 8, 105, -77, -33, 14, 0, 0, 0, 0, 0, 17, 111, 31, 0, 0, 0, 0, 0, 89, 55, 13, 0, 0, 0, 0, 0, 52, 113, -48, -9, 57, -89, 8, 0, 0, 0, 0, 28, 0, 0, 0, 0, 0, 0, 0, 2, 0, 5, 0, 37, 36, 0, -122, 6, 29, 121, 111, 100, 101, 108, 45, 101, 100, 117, 99, 97, 116, 105, 111, 110, 46, 103, 108, 46, 97, 116, 46, 112, 108, 121, 46, 103, 103, 46, 70, -121, 2, 58, 123, 115, 28, 35, 107, -95, 97, 113, 108, 48, 17, -128, -35, -23, 23], tunnelServerId=0, tunnelId=3437008, dataCenterId=28, portOffset=0}
[09:55:26] [Thread-10/INFO]: [gg.playit.minecraft.PlayitManager] starting tcp tunnel for client
[09:55:26] [Thread-10/INFO]: [gg.playit.minecraft.PlayitTcpTunnel] start connection to /209.25.143.2:42760 to claim client
[09:55:26] [nioEventLoopGroup-2-1/INFO]: [gg.playit.minecraft.PlayitTcpTunnel] connected to tunnel server, sending claim token
[09:55:26] [nioEventLoopGroup-2-1/INFO]: [gg.playit.minecraft.PlayitTcpTunnel] claim token sent
[09:55:26] [nioEventLoopGroup-2-1/INFO]: [gg.playit.minecraft.PlayitTcpTunnel] connection to tunnel server has been established
[09:55:26] [nioEventLoopGroup-2-1/INFO]: [gg.playit.minecraft.PlayitTcpTunnel] connecting to minecraft server at localhost/127.0.0.1:25565
[09:55:26] [nioEventLoopGroup-2-2/INFO]: [gg.playit.minecraft.PlayitTcpTunnel] connected to local minecraft server
[09:55:26] [Netty Epoll IO #3/INFO]: [gg.playit.minecraft.PlayitHeaderDecoder] parsed playit header, true client IP: /103.212.158.163:65285
[09:55:26] [Netty Epoll IO #3/INFO]: [gg.playit.minecraft.PlayitHeaderDecoder] updated connection address on handler: packet_handler
[09:55:26] [nioEventLoopGroup-2-2/WARN]: [gg.playit.minecraft.PlayitTcpTunnel] failed to send data to minecraft server
[09:55:30] [Thread-10/INFO]: [gg.playit.minecraft.PlayitManager] got new client: NewClient{connectAddr=147.185.221.22:18055, peerAddr=103.212.158.163:65287, claimAddress=209.25.143.2:42760, claimToken=[44, 0, 107, -109, -71, -35, 22, 70, -121, 103, -44, -98, -93, -1, 7, -44, 83, 1, 114, -89, 8, 105, -77, -33, 18, 0, 0, 0, 0, 0, 17, 111, 31, 0, 0, 0, 0, 0, 89, 55, 13, 0, 0, 0, 0, 0, 52, 113, -48, 75, 78, -89, 8, 0, 0, 0, 0, 28, 0, 0, 0, 0, 0, 0, 0, 2, 0, 2, 0, 37, 36, 0, -122, 6, 29, 121, 111, 100, 101, 108, 45, 101, 100, 117, 99, 97, 116, 105, 111, 110, 46, 103, 108, 46, 97, 116, 46, 112, 108, 121, 46, 103, 103, 46, 70, -121, 2, 83, 52, 95, -114, -9, 122, -87, 49, 121, -4, 35, 56, -112, 18, 87, 60], tunnelServerId=0, tunnelId=3437008, dataCenterId=28, portOffset=0}
[09:55:30] [Thread-10/INFO]: [gg.playit.minecraft.PlayitManager] starting tcp tunnel for client
[09:55:30] [Thread-10/INFO]: [gg.playit.minecraft.PlayitTcpTunnel] start connection to /209.25.143.2:42760 to claim client
[09:55:30] [nioEventLoopGroup-2-3/INFO]: [gg.playit.minecraft.PlayitTcpTunnel] connected to tunnel server, sending claim token
[09:55:30] [nioEventLoopGroup-2-3/INFO]: [gg.playit.minecraft.PlayitTcpTunnel] claim token sent
[09:55:30] [nioEventLoopGroup-2-3/INFO]: [gg.playit.minecraft.PlayitTcpTunnel] connection to tunnel server has been established
[09:55:30] [nioEventLoopGroup-2-3/INFO]: [gg.playit.minecraft.PlayitTcpTunnel] connecting to minecraft server at localhost/127.0.0.1:25565
[09:55:30] [nioEventLoopGroup-2-4/INFO]: [gg.playit.minecraft.PlayitTcpTunnel] connected to local minecraft server
[09:55:30] [Netty Epoll IO #0/INFO]: [gg.playit.minecraft.PlayitHeaderDecoder] parsed playit header, true client IP: /103.212.158.163:65287
[09:55:30] [Netty Epoll IO #0/INFO]: [gg.playit.minecraft.PlayitHeaderDecoder] updated connection address on handler: packet_handler
[09:55:30] [nioEventLoopGroup-2-4/WARN]: [gg.playit.minecraft.PlayitTcpTunnel] failed to send data to minecraft server
[09:55:35] [Thread-10/INFO]: [gg.playit.minecraft.PlayitManager] got new client: NewClient{connectAddr=147.185.221.22:18055, peerAddr=103.212.158.163:65288, claimAddress=209.25.143.2:42760, claimToken=[44, 0, 107, -109, -71, -35, 22, 70, -121, 103, -44, -98, -93, -1, 8, 57, -125, 25, 92, -89, 8, 105, -77, -33, 23, 0, 0, 0, 0, 0, 17, 111, 31, 0, 0, 0, 0, 0, 89, 55, 13, 0, 0, 0, 0, 0, 52, 113, -48, -7, 56, -89, 8, 0, 0, 0, 0, 28, 0, 0, 0, 0, 0, 0, 0, 2, 0, 0, 0, 37, 36, 0, -122, 6, 29, 121, 111, 100, 101, 108, 45, 101, 100, 117, 99, 97, 116, 105, 111, 110, 46, 103, 108, 46, 97, 116, 46, 112, 108, 121, 46, 103, 103, 46, 70, -121, 2, 57, -104, -47, -113, -92, 94, -70, -34, -26, -47, -39, -63, -116, -128, -31, 119], tunnelServerId=0, tunnelId=3437008, dataCenterId=28, portOffset=0}
[09:55:35] [Thread-10/INFO]: [gg.playit.minecraft.PlayitManager] starting tcp tunnel for client
[09:55:35] [Thread-10/INFO]: [gg.playit.minecraft.PlayitTcpTunnel] start connection to /209.25.143.2:42760 to claim client
[09:55:35] [nioEventLoopGroup-2-1/INFO]: [gg.playit.minecraft.PlayitTcpTunnel] connected to tunnel server, sending claim token
[09:55:35] [nioEventLoopGroup-2-1/INFO]: [gg.playit.minecraft.PlayitTcpTunnel] claim token sent
[09:55:35] [nioEventLoopGroup-2-1/INFO]: [gg.playit.minecraft.PlayitTcpTunnel] connection to tunnel server has been established
[09:55:35] [nioEventLoopGroup-2-1/INFO]: [gg.playit.minecraft.PlayitTcpTunnel] connecting to minecraft server at localhost/127.0.0.1:25565
[09:55:35] [nioEventLoopGroup-2-2/INFO]: [gg.playit.minecraft.PlayitTcpTunnel] connected to local minecraft server
[09:55:35] [Netty Epoll IO #1/INFO]: [gg.playit.minecraft.PlayitHeaderDecoder] parsed playit header, true client IP: /103.212.158.163:65288
[09:55:35] [Netty Epoll IO #1/INFO]: [gg.playit.minecraft.PlayitHeaderDecoder] updated connection address on handler: packet_handler
[09:55:35] [User Authenticator #9/INFO]: UUID of player Kabir_Dua is 660320b4-f589-3e1f-8222-c8528758d902
[09:55:35] [Server thread/INFO]: Kabir_Dua lost connection: You logged in from another location
[09:55:35] [Server thread/INFO]: Kabir_Dua left the game
[09:55:36] [TAB Processing Thread/INFO]: [TAB] [WARN] Player Kabir_Dua's group (none) is not in sorting list! Sorting list: owner,admin,mod,helper,builder,vip,default. Player will be sorted on the bottom.
[09:55:36] [Server thread/INFO]: MUTHAL Kabir_Dua joined the game
[09:55:36] [Server thread/INFO]: Kabir_Dua[/103.212.158.163:65288] logged in with entity id 63474 at ([world]1316.9991685729005, 57.0, 761.1636597893066)
[09:55:49] [Server thread/INFO]: Kabir_Dua issued server command: /login rgblights
[09:55:51] [nioEventLoopGroup-2-1/WARN]: [gg.playit.minecraft.PlayitTcpTunnel] failed to send data to tunnel
[09:55:51] [nioEventLoopGroup-2-1/WARN]: [gg.playit.minecraft.PlayitTcpTunnel] failed to send data to tunnel
[09:55:51] [nioEventLoopGroup-2-1/WARN]: [gg.playit.minecraft.PlayitTcpTunnel] failed to send data to tunnel
[09:55:51] [nioEventLoopGroup-2-1/WARN]: [gg.playit.minecraft.PlayitTcpTunnel] failed to send data to tunnel
[09:55:51] [nioEventLoopGroup-2-1/WARN]: [gg.playit.minecraft.PlayitTcpTunnel] failed to send data to tunnel
[09:55:51] [nioEventLoopGroup-2-1/WARN]: [gg.playit.minecraft.PlayitTcpTunnel] failed to send data to tunnel
[09:55:51] [nioEventLoopGroup-2-1/WARN]: [gg.playit.minecraft.PlayitTcpTunnel] failed to send data to tunnel
[09:55:51] [nioEventLoopGroup-2-1/WARN]: [gg.playit.minecraft.PlayitTcpTunnel] failed to send data to tunnel
[09:55:51] [nioEventLoopGroup-2-1/WARN]: [gg.playit.minecraft.PlayitTcpTunnel] failed to send data to tunnel
[09:55:51] [nioEventLoopGroup-2-1/WARN]: [gg.playit.minecraft.PlayitTcpTunnel] failed to send data to tunnel
[09:55:51] [nioEventLoopGroup-2-1/WARN]: [gg.playit.minecraft.PlayitTcpTunnel] failed to send data to tunnel
[09:55:51] [nioEventLoopGroup-2-1/WARN]: [gg.playit.minecraft.PlayitTcpTunnel] failed to send data to tunnel
[09:55:51] [nioEventLoopGroup-2-1/WARN]: [gg.playit.minecraft.PlayitTcpTunnel] failed to send data to tunnel
[09:55:51] [nioEventLoopGroup-2-1/WARN]: [gg.playit.minecraft.PlayitTcpTunnel] failed to send data to tunnel
[09:55:51] [nioEventLoopGroup-2-1/WARN]: [gg.playit.minecraft.PlayitTcpTunnel] failed to send data to tunnel
[09:55:51] [nioEventLoopGroup-2-1/WARN]: [gg.playit.minecraft.PlayitTcpTunnel] failed to send data to tunnel
[09:55:51] [nioEventLoopGroup-2-1/WARN]: [gg.playit.minecraft.PlayitTcpTunnel] failed to send data to tunnel
[09:55:51] [nioEventLoopGroup-2-1/WARN]: [gg.playit.minecraft.PlayitTcpTunnel] failed to send data to tunnel
[09:55:51] [nioEventLoopGroup-2-1/WARN]: [gg.playit.minecraft.PlayitTcpTunnel] failed to send data to tunnel
[09:55:51] [nioEventLoopGroup-2-1/WARN]: [gg.playit.minecraft.PlayitTcpTunnel] failed to send data to tunnel
[09:55:51] [nioEventLoopGroup-2-1/WARN]: [gg.playit.minecraft.PlayitTcpTunnel] failed to send data to tunnel
[09:55:51] [nioEventLoopGroup-2-1/WARN]: [gg.playit.minecraft.PlayitTcpTunnel] failed to send data to tunnel
[09:55:51] [nioEventLoopGroup-2-1/WARN]: [gg.playit.minecraft.PlayitTcpTunnel] failed to send data to tunnel
[09:55:51] [nioEventLoopGroup-2-1/WARN]: [gg.playit.minecraft.PlayitTcpTunnel] failed to send data to tunnel
[09:55:51] [nioEventLoopGroup-2-1/WARN]: [gg.playit.minecraft.PlayitTcpTunnel] failed to send data to tunnel
[09:55:51] [nioEventLoopGroup-2-1/WARN]: [gg.playit.minecraft.PlayitTcpTunnel] failed to send data to tunnel
[09:55:51] [nioEventLoopGroup-2-1/WARN]: [gg.playit.minecraft.PlayitTcpTunnel] failed to send data to tunnel
[09:55:51] [nioEventLoopGroup-2-1/WARN]: [gg.playit.minecraft.PlayitTcpTunnel] failed to send data to tunnel
[09:55:51] [nioEventLoopGroup-2-1/WARN]: [gg.playit.minecraft.PlayitTcpTunnel] failed to send data to tunnel
[09:55:51] [nioEventLoopGroup-2-1/WARN]: [gg.playit.minecraft.PlayitTcpTunnel] failed to send data to tunnel
[09:55:51] [nioEventLoopGroup-2-1/WARN]: [gg.playit.minecraft.PlayitTcpTunnel] failed to send data to tunnel
[09:55:51] [nioEventLoopGroup-2-1/WARN]: [gg.playit.minecraft.PlayitTcpTunnel] failed to send data to tunnel
[09:55:51] [nioEventLoopGroup-2-1/WARN]: [gg.playit.minecraft.PlayitTcpTunnel] failed to send data to tunnel
[09:55:51] [nioEventLoopGroup-2-1/WARN]: [gg.playit.minecraft.PlayitTcpTunnel] failed to send data to tunnel
[09:55:51] [nioEventLoopGroup-2-1/WARN]: [gg.playit.minecraft.PlayitTcpTunnel] failed to send data to tunnel
[09:55:51] [nioEventLoopGroup-2-1/WARN]: [gg.playit.minecraft.PlayitTcpTunnel] failed to send data to tunnel
[09:55:51] [nioEventLoopGroup-2-1/WARN]: [gg.playit.minecraft.PlayitTcpTunnel] failed to send data to tunnel
[09:55:51] [nioEventLoopGroup-2-1/WARN]: [gg.playit.minecraft.PlayitTcpTunnel] failed to send data to tunnel
[09:55:51] [nioEventLoopGroup-2-1/WARN]: [gg.playit.minecraft.PlayitTcpTunnel] failed to send data to tunnel
[09:55:51] [nioEventLoopGroup-2-1/WARN]: [gg.playit.minecraft.PlayitTcpTunnel] failed to send data to tunnel
[09:55:51] [nioEventLoopGroup-2-1/WARN]: [gg.playit.minecraft.PlayitTcpTunnel] failed to send data to tunnel
[09:55:51] [nioEventLoopGroup-2-1/WARN]: [gg.playit.minecraft.PlayitTcpTunnel] failed to send data to tunnel
[09:55:51] [nioEventLoopGroup-2-1/WARN]: [gg.playit.minecraft.PlayitTcpTunnel] failed to send data to tunnel
[09:55:51] [nioEventLoopGroup-2-1/WARN]: [gg.playit.minecraft.PlayitTcpTunnel] failed to send data to tunnel
[09:55:51] [nioEventLoopGroup-2-1/WARN]: [gg.playit.minecraft.PlayitTcpTunnel] failed to send data to tunnel
[09:55:51] [nioEventLoopGroup-2-1/WARN]: [gg.playit.minecraft.PlayitTcpTunnel] failed to send data to tunnel
[09:55:51] [nioEventLoopGroup-2-1/WARN]: [gg.playit.minecraft.PlayitTcpTunnel] failed to send data to tunnel
[09:55:51] [nioEventLoopGroup-2-1/WARN]: [gg.playit.minecraft.PlayitTcpTunnel] failed to send data to tunnel
[09:55:51] [nioEventLoopGroup-2-1/WARN]: [gg.playit.minecraft.PlayitTcpTunnel] failed to send data to tunnel
[09:55:51] [nioEventLoopGroup-2-1/WARN]: [gg.playit.minecraft.PlayitTcpTunnel] failed to send data to tunnel
[09:55:51] [nioEventLoopGroup-2-1/WARN]: [gg.playit.minecraft.PlayitTcpTunnel] failed to send data to tunnel
[09:55:51] [nioEventLoopGroup-2-1/WARN]: [gg.playit.minecraft.PlayitTcpTunnel] failed to send data to tunnel
[09:55:51] [nioEventLoopGroup-2-1/WARN]: [gg.playit.minecraft.PlayitTcpTunnel] failed to send data to tunnel
[09:55:51] [nioEventLoopGroup-2-1/WARN]: [gg.playit.minecraft.PlayitTcpTunnel] failed to send data to tunnel
[09:55:51] [nioEventLoopGroup-2-1/WARN]: [gg.playit.minecraft.PlayitTcpTunnel] failed to send data to tunnel
[09:55:51] [nioEventLoopGroup-2-1/WARN]: [gg.playit.minecraft.PlayitTcpTunnel] failed to send data to tunnel
[09:55:51] [nioEventLoopGroup-2-1/WARN]: [gg.playit.minecraft.PlayitTcpTunnel] failed to send data to tunnel
[09:55:51] [nioEventLoopGroup-2-1/WARN]: [gg.playit.minecraft.PlayitTcpTunnel] failed to send data to tunnel
[09:55:51] [nioEventLoopGroup-2-1/WARN]: [gg.playit.minecraft.PlayitTcpTunnel] failed to send data to tunnel
[09:55:51] [nioEventLoopGroup-2-1/WARN]: [gg.playit.minecraft.PlayitTcpTunnel] failed to send data to tunnel
[09:55:51] [nioEventLoopGroup-2-1/WARN]: [gg.playit.minecraft.PlayitTcpTunnel] failed to send data to tunnel
[09:55:51] [nioEventLoopGroup-2-1/WARN]: [gg.playit.minecraft.PlayitTcpTunnel] failed to send data to tunnel
[09:55:51] [nioEventLoopGroup-2-1/WARN]: [gg.playit.minecraft.PlayitTcpTunnel] failed to send data to tunnel
[09:55:51] [nioEventLoopGroup-2-1/WARN]: [gg.playit.minecraft.PlayitTcpTunnel] failed to send data to tunnel
[09:55:51] [nioEventLoopGroup-2-1/WARN]: [gg.playit.minecraft.PlayitTcpTunnel] failed to send data to tunnel
[09:55:51] [nioEventLoopGroup-2-1/WARN]: [gg.playit.minecraft.PlayitTcpTunnel] failed to send data to tunnel
[09:55:51] [nioEventLoopGroup-2-1/WARN]: [gg.playit.minecraft.PlayitTcpTunnel] failed to send data to tunnel
[09:55:51] [nioEventLoopGroup-2-1/WARN]: [gg.playit.minecraft.PlayitTcpTunnel] failed to send data to tunnel
[09:55:51] [nioEventLoopGroup-2-1/WARN]: [gg.playit.minecraft.PlayitTcpTunnel] failed to send data to tunnel
[09:55:51] [nioEventLoopGroup-2-1/WARN]: [gg.playit.minecraft.PlayitTcpTunnel] failed to send data to tunnel
[09:55:51] [nioEventLoopGroup-2-1/WARN]: [gg.playit.minecraft.PlayitTcpTunnel] failed to send data to tunnel
[09:55:51] [nioEventLoopGroup-2-1/WARN]: [gg.playit.minecraft.PlayitTcpTunnel] failed to send data to tunnel
[09:55:51] [nioEventLoopGroup-2-1/WARN]: [gg.playit.minecraft.PlayitTcpTunnel] failed to send data to tunnel
[09:55:51] [nioEventLoopGroup-2-1/WARN]: [gg.playit.minecraft.PlayitTcpTunnel] failed to send data to tunnel
[09:55:51] [nioEventLoopGroup-2-1/WARN]: [gg.playit.minecraft.PlayitTcpTunnel] failed to send data to tunnel
[09:55:51] [nioEventLoopGroup-2-1/WARN]: [gg.playit.minecraft.PlayitTcpTunnel] failed to send data to tunnel
[09:55:51] [nioEventLoopGroup-2-1/WARN]: [gg.playit.minecraft.PlayitTcpTunnel] failed to send data to tunnel
[09:55:51] [nioEventLoopGroup-2-1/WARN]: [gg.playit.minecraft.PlayitTcpTunnel] failed to send data to tunnel
[09:55:51] [nioEventLoopGroup-2-1/WARN]: [gg.playit.minecraft.PlayitTcpTunnel] failed to send data to tunnel
[09:55:51] [nioEventLoopGroup-2-1/WARN]: [gg.playit.minecraft.PlayitTcpTunnel] failed to send data to tunnel
[09:55:51] [nioEventLoopGroup-2-1/WARN]: [gg.playit.minecraft.PlayitTcpTunnel] failed to send data to tunnel
[09:55:51] [nioEventLoopGroup-2-1/WARN]: [gg.playit.minecraft.PlayitTcpTunnel] failed to send data to tunnel
[09:55:51] [nioEventLoopGroup-2-1/WARN]: [gg.playit.minecraft.PlayitTcpTunnel] failed to send data to tunnel
[09:55:51] [nioEventLoopGroup-2-1/WARN]: [gg.playit.minecraft.PlayitTcpTunnel] failed to send data to tunnel
[09:55:51] [nioEventLoopGroup-2-1/WARN]: [gg.playit.minecraft.PlayitTcpTunnel] failed to send data to tunnel
[09:55:51] [nioEventLoopGroup-2-1/WARN]: [gg.playit.minecraft.PlayitTcpTunnel] failed to send data to tunnel
[09:55:51] [nioEventLoopGroup-2-1/WARN]: [gg.playit.minecraft.PlayitTcpTunnel] failed to send data to tunnel
[09:55:51] [nioEventLoopGroup-2-1/WARN]: [gg.playit.minecraft.PlayitTcpTunnel] failed to send data to tunnel
[09:55:51] [nioEventLoopGroup-2-1/WARN]: [gg.playit.minecraft.PlayitTcpTunnel] failed to send data to tunnel
[09:55:51] [nioEventLoopGroup-2-1/WARN]: [gg.playit.minecraft.PlayitTcpTunnel] failed to send data to tunnel
[09:55:51] [nioEventLoopGroup-2-1/WARN]: [gg.playit.minecraft.PlayitTcpTunnel] failed to send data to tunnel
[09:55:51] [nioEventLoopGroup-2-1/WARN]: [gg.playit.minecraft.PlayitTcpTunnel] failed to send data to tunnel
[09:55:51] [nioEventLoopGroup-2-1/WARN]: [gg.playit.minecraft.PlayitTcpTunnel] failed to send data to tunnel
[09:55:51] [nioEventLoopGroup-2-1/WARN]: [gg.playit.minecraft.PlayitTcpTunnel] failed to send data to tunnel
[09:55:51] [nioEventLoopGroup-2-1/WARN]: [gg.playit.minecraft.PlayitTcpTunnel] failed to send data to tunnel
[09:55:51] [nioEventLoopGroup-2-1/WARN]: [gg.playit.minecraft.PlayitTcpTunnel] failed to send data to tunnel
[09:55:51] [nioEventLoopGroup-2-1/WARN]: [gg.playit.minecraft.PlayitTcpTunnel] failed to send data to tunnel
[09:55:51] [nioEventLoopGroup-2-1/WARN]: [gg.playit.minecraft.PlayitTcpTunnel] failed to send data to tunnel
[09:55:51] [nioEventLoopGroup-2-1/WARN]: [gg.playit.minecraft.PlayitTcpTunnel] failed to send data to tunnel
[09:55:51] [nioEventLoopGroup-2-1/WARN]: [gg.playit.minecraft.PlayitTcpTunnel] failed to send data to tunnel
[09:55:51] [nioEventLoopGroup-2-1/WARN]: [gg.playit.minecraft.PlayitTcpTunnel] failed to send data to tunnel
[09:55:51] [nioEventLoopGroup-2-1/WARN]: [gg.playit.minecraft.PlayitTcpTunnel] failed to send data to tunnel
[09:55:51] [nioEventLoopGroup-2-1/WARN]: [gg.playit.minecraft.PlayitTcpTunnel] failed to send data to tunnel
[09:55:51] [nioEventLoopGroup-2-1/WARN]: [gg.playit.minecraft.PlayitTcpTunnel] failed to send data to tunnel
[09:55:51] [nioEventLoopGroup-2-1/WARN]: [gg.playit.minecraft.PlayitTcpTunnel] failed to send data to tunnel
[09:55:51] [nioEventLoopGroup-2-1/WARN]: [gg.playit.minecraft.PlayitTcpTunnel] failed to send data to tunnel
[09:55:51] [nioEventLoopGroup-2-1/WARN]: [gg.playit.minecraft.PlayitTcpTunnel] failed to send data to tunnel
[09:55:51] [nioEventLoopGroup-2-1/WARN]: [gg.playit.minecraft.PlayitTcpTunnel] failed to send data to tunnel
[09:55:51] [nioEventLoopGroup-2-1/WARN]: [gg.playit.minecraft.PlayitTcpTunnel] failed to send data to tunnel
[09:55:51] [nioEventLoopGroup-2-1/WARN]: [gg.playit.minecraft.PlayitTcpTunnel] failed to send data to tunnel
[09:55:51] [nioEventLoopGroup-2-1/WARN]: [gg.playit.minecraft.PlayitTcpTunnel] failed to send data to tunnel
[09:55:51] [nioEventLoopGroup-2-1/WARN]: [gg.playit.minecraft.PlayitTcpTunnel] failed to send data to tunnel
[09:55:51] [nioEventLoopGroup-2-1/WARN]: [gg.playit.minecraft.PlayitTcpTunnel] failed to send data to tunnel
[09:55:51] [nioEventLoopGroup-2-1/WARN]: [gg.playit.minecraft.PlayitTcpTunnel] failed to send data to tunnel
[09:55:51] [nioEventLoopGroup-2-1/WARN]: [gg.playit.minecraft.PlayitTcpTunnel] failed to send data to tunnel
[09:55:51] [nioEventLoopGroup-2-1/WARN]: [gg.playit.minecraft.PlayitTcpTunnel] failed to send data to tunnel
[09:55:51] [nioEventLoopGroup-2-1/WARN]: [gg.playit.minecraft.PlayitTcpTunnel] failed to send data to tunnel
[09:55:51] [nioEventLoopGroup-2-1/WARN]: [gg.playit.minecraft.PlayitTcpTunnel] failed to send data to tunnel
[09:55:51] [nioEventLoopGroup-2-1/WARN]: [gg.playit.minecraft.PlayitTcpTunnel] failed to send data to tunnel
[09:55:51] [nioEventLoopGroup-2-1/WARN]: [gg.playit.minecraft.PlayitTcpTunnel] failed to send data to tunnel
[09:55:56] [Server thread/INFO]: LandeepSingh issued server command: /team home
[09:56:01] [Server thread/INFO]: Kabir_Dua issued server command: /team warp base
[09:56:16] [Server thread/INFO]: LandeepSingh issued server command: /tpa Dark_slayer_XD
[09:56:17] [Server thread/INFO]: Dark_slayer_XD issued server command: /tpaccept
[09:56:30] [Server thread/INFO]: MUTHAL Kabir_Dua has made the advancement [Ol' Betsy]
[09:56:37] [Async Chat Thread - #36/INFO]: [Not Secure] [Noobs] <DARSH_BHALANI> combat log hai nahi hai isliye bach gaya
[09:56:43] [Async Chat Thread - #36/INFO]: [Not Secure] [MUTHAL] <LandeepSingh> nice
[09:56:46] [Async Chat Thread - #36/INFO]: [Not Secure] [MUTHAL] <Kabir_Dua> bed todh ke maroge??
[09:56:46] [Async Chat Thread - #36/INFO]: [Not Secure] [MUTHAL] <LandeepSingh> bach to gya
[09:57:14] [Thread-10/INFO]: [gg.playit.control.ChannelSetup] send keep alive
[09:57:20] [Server thread/INFO]: LandeepSingh issued server command: /withdraw 10
[09:57:21] [Server thread/INFO]: DARSH_BHALANI issued server command: /coords LandeepSingh
[09:57:35] [Server thread/INFO]: LandeepSingh issued server command: /withdraw 5
[09:57:37] [Server thread/INFO]: Dark_slayer_XD issued server command: /tpahere Kabir_Dua
[09:57:41] [Server thread/INFO]: Kabir_Dua issued server command: /tpaccept
[09:57:41] [Async Chat Thread - #36/INFO]: [Not Secure] [Noobs] <DARSH_BHALANI> ye dog maar du?
[09:57:51] [Server thread/INFO]: Kabir_Dua issued server command: /withdraw 7
[09:58:05] [Server thread/INFO]: Dark_slayer_XD issued server command: /team eches
[09:58:09] [Server thread/INFO]: Dark_slayer_XD issued server command: /team echest
[09:58:21] [Server thread/INFO]: Dark_slayer_XD issued server command: /tpa LandeepSingh
[09:58:28] [Server thread/INFO]: Dark_slayer_XD issued server command: /team home
[09:58:45] [Server thread/INFO]: LandeepSingh issued server command: /tpaccept
[09:59:03] [Server thread/INFO]: Dark_slayer_XD issued server command: /tpa LandeepSingh
[09:59:05] [Server thread/INFO]: [Noobs DARSH_BHALANI: Set own game mode to Creative Mode]
[09:59:06] [Server thread/INFO]: MUTHAL Dark_slayer_XD has made the advancement [Ol' Betsy]
[09:59:12] [Server thread/INFO]: Dark_slayer_XD issued server command: /team home
[09:59:17] [Server thread/INFO]: [Noobs DARSH_BHALANI: Set own game mode to Survival Mode]
[09:59:19] [Server thread/INFO]: Dark_slayer_XD issued server command: /tpa la
[09:59:21] [Server thread/INFO]: Dark_slayer_XD issued server command: /tpa LandeepSingh
[09:59:38] [Server thread/INFO]: Sam60 issued server command: /team home
[09:59:41] [Server thread/INFO]: LandeepSingh issued server command: /tpaccept
[09:59:44] [Async Chat Thread - #38/INFO]: [Not Secure] [Noobs] <DARSH_BHALANI> jaa
[09:59:46] [Async Chat Thread - #38/INFO]: [Not Secure] [Noobs] <DARSH_BHALANI> noob
[09:59:49] [Async Chat Thread - #38/INFO]: [Not Secure] [MUTHAL] <Dark_slayer_XD> sam run
[09:59:50] [Async Chat Thread - #38/INFO]: [Not Secure] [Noobs] <DARSH_BHALANI> aa na fair fight
[09:59:56] [Async Chat Thread - #38/INFO]: [Not Secure] [Noobs] <Sam60> ansh run
[09:59:57] [Async Chat Thread - #38/INFO]: [Not Secure] [MUTHAL] <Dark_slayer_XD> sam to bhag gya LMAO
[10:00:02] [Async Chat Thread - #38/INFO]: [Not Secure] [MUTHAL] <LandeepSingh> fair fight?
[10:00:02] [Async Chat Thread - #38/INFO]: [Not Secure] [Noobs] <DARSH_BHALANI> tu bhi toh bhaga
[10:00:06] [Async Chat Thread - #38/INFO]: [Not Secure] [Noobs] <Sam60> ansh bhaag gya lmao
[10:00:08] [Async Chat Thread - #38/INFO]: [Not Secure] [Noobs] <DARSH_BHALANI> 20 +hearts the tere
[10:00:08] [Async Chat Thread - #38/INFO]: [Not Secure] [MUTHAL] <LandeepSingh> kabir ko 3 bari mara piche se
[10:00:12] [Async Chat Thread - #39/INFO]: [Not Secure] [MUTHAL] <LandeepSingh> fair fight
[10:00:12] [Async Chat Thread - #39/INFO]: [Not Secure] [MUTHAL] <Dark_slayer_XD> str ke sath ladke fair bolre
[10:00:14] [Async Chat Thread - #39/INFO]: [Not Secure] [MUTHAL] <Dark_slayer_XD> LMAO
[10:00:40] [Server thread/INFO]: Sam60 issued server command: /team warp
[10:00:45] [Server thread/INFO]: Sam60 issued server command: /team warp kabir
[10:00:54] [Server thread/INFO]: Dark_slayer_XD issued server command: /tpa LandeepSingh
[10:01:02] [Server thread/INFO]: Dark_slayer_XD issued server command: /team home
[10:01:15] [Thread-10/INFO]: [gg.playit.control.ChannelSetup] send keep alive
[10:01:33] [Server thread/INFO]: LandeepSingh issued server command: /tpaccept
[10:01:39] [Async Chat Thread - #40/INFO]: [Not Secure] [Noobs] <Sam60> lmao
[10:01:42] [Async Chat Thread - #41/INFO]: [Not Secure] [MUTHAL] <Dark_slayer_XD> pots marke fair kehte ho
[10:01:44] [Async Chat Thread - #41/INFO]: [Not Secure] [MUTHAL] <Dark_slayer_XD> lmfaoaoaoaao
[10:01:51] [Server thread/INFO]: Kabir_Dua issued server command: /tpa LandeepSingh''
[10:01:53] [Async Chat Thread - #41/INFO]: [Not Secure] [Noobs] <Sam60> tum bhi maar lo
[10:01:54] [Async Chat Thread - #41/INFO]: [Not Secure] [Noobs] <DARSH_BHALANI> 20+hearts ko fair bolte ho
[10:01:56] [Async Chat Thread - #41/INFO]: [Not Secure] [Noobs] <DARSH_BHALANI> LMFAO
[10:01:57] [Server thread/INFO]: Kabir_Dua issued server command: /tpa LandeepSingh
[10:02:00] [Server thread/INFO]: LandeepSingh issued server command: /tpaccept
[10:02:03] [Async Chat Thread - #41/INFO]: [Not Secure] [MUTHAL] <Dark_slayer_XD> recipe to daal rakhi hai
[10:02:11] [Async Chat Thread - #41/INFO]: [Not Secure] [MUTHAL] <Kabir_Dua> lmao ko lmfao kehte ho bhusand
[10:02:11] [Async Chat Thread - #41/INFO]: [Not Secure] [MUTHAL] <Dark_slayer_XD> and i didnt say fear
[10:02:13] [Async Chat Thread - #41/INFO]: [Not Secure] [Noobs] <DARSH_BHALANI> srenght ki bi hai
[10:02:14] [Async Chat Thread - #40/INFO]: [Not Secure] [MUTHAL] <Dark_slayer_XD> or fair
[10:02:37] [Server thread/INFO]: LandeepSingh issued server command: /tpa Dark_slayer_XD
[10:02:43] [Server thread/INFO]: Dark_slayer_XD issued server command: /tpaccept
[10:02:49] [Server thread/INFO]: Dark_slayer_XD issued server command: /tpa LandeepSingh
[10:02:50] [Server thread/INFO]: DARSH_BHALANI issued server command: /coords LandeepSingh
[10:02:51] [Server thread/INFO]: Dark_slayer_XD issued server command: /team home
[10:03:23] [Server thread/INFO]: LandeepSingh issued server command: /tpaccept
[10:03:44] [Async Chat Thread - #42/INFO]: [Not Secure] [Noobs] <DARSH_BHALANI> abh toh strenght bhi nahi tha
[10:03:49] [Async Chat Thread - #42/INFO]: [Not Secure] [MUTHAL] <Dark_slayer_XD> sure
[10:03:53] [Async Chat Thread - #43/INFO]: [Not Secure] [Noobs] <DARSH_BHALANI> mat man
[10:04:14] [Server thread/INFO]: Dark_slayer_XD issued server command: /tpa LandeepSingh
[10:04:15] [Server thread/INFO]: Dark_slayer_XD issued server command: /team home
[10:04:51] [Server thread/INFO]: LandeepSingh issued server command: /tpaccept
[10:04:55] [Async Chat Thread - #44/INFO]: [Not Secure] [Noobs] <DARSH_BHALANI> aye haye
[10:04:57] [Async Chat Thread - #44/INFO]: [Not Secure] [Noobs] <DARSH_BHALANI> ole ole
[10:05:01] [Async Chat Thread - #44/INFO]: [Not Secure] [Noobs] <Sam60> lmao\
[10:05:02] [Async Chat Thread - #44/INFO]: [Not Secure] [MUTHAL] <Kabir_Dua> chi thu
[10:05:04] [Async Chat Thread - #44/INFO]: [Not Secure] [Noobs] <DARSH_BHALANI> shield tut gayia
[10:05:15] [Thread-10/INFO]: [gg.playit.control.ChannelSetup] send keep alive
[10:05:31] [Server thread/INFO]: LandeepSingh issued server command: /teammsg 5 heart de dark
[10:05:42] [Server thread/INFO]: Dark_slayer_XD issued server command: /withdraw 10
[10:05:44] [Server thread/INFO]: [Noobs DARSH_BHALANI: Set own game mode to Creative Mode]
[10:05:53] [Server thread/INFO]: [Noobs DARSH_BHALANI: Set own game mode to Survival Mode]
[10:06:03] [Server thread/INFO]: Dark_slayer_XD issued server command: /withdraw 1
[10:06:04] [Async Chat Thread - #45/INFO]: [Not Secure] [MUTHAL] <Kabir_Dua> 3 or
[10:06:09] [Server thread/INFO]: Dark_slayer_XD issued server command: /withdraw 1
[10:06:10] [Server thread/INFO]: Dark_slayer_XD issued server command: /withdraw 1
[10:06:29] [Server thread/INFO]: Sam60 issued server command: /team echest
[10:06:32] [Server thread/INFO]: LandeepSingh issued server command: /teammsg kya kya gaya tha
[10:06:38] [Server thread/INFO]: LandeepSingh issued server command: /teammsg kya kya gaya tha tera kabir
[10:06:43] [Server thread/INFO]: Sam60 issued server command: /team echest
[10:06:58] [Server thread/INFO]: Sam60 issued server command: /team echest
[10:07:10] [Server thread/INFO]: Sam60 issued server command: /team echest
[10:08:01] [Server thread/INFO]: LandeepSingh issued server command: /teammsg sun
[10:08:12] [Server thread/INFO]: Dark_slayer_XD issued server command: /team chat ansh mace de mera
[10:08:12] [Craft Scheduler Thread - 829 - BetterTeams/INFO]: [Team] Dark_slayer_XD: ansh mace de mera 
[10:08:25] [Server thread/INFO]: Dark_slayer_XD issued server command: /tpahere Kabir_Dua
[10:08:30] [Server thread/INFO]: Kabir_Dua issued server command: /tpaccept
[10:08:35] [Server thread/INFO]: LandeepSingh issued server command: /teammsg kuch der baad ye jayenge hum tp hokar picha karenege base banayenge ye raid kr denge
[10:08:36] [Server thread/INFO]: Sam60 issued server command: /team echest
[10:08:44] [Server thread/INFO]: Villager Villager['Cartographer'/32057, uuid='8ddeefdb-e3d7-43e0-a824-012a77df1aae', l='ServerLevel[world]', x=968.51, y=62.71, z=721.50, cpos=[60, 45], tl=64002, v=true] died, message: 'Cartographer was slain by Drowned'
[10:08:54] [Server thread/INFO]: [Noobs DARSH_BHALANI: Set own game mode to Creative Mode]
[10:09:05] [Server thread/INFO]: [Noobs DARSH_BHALANI: Set own game mode to Survival Mode]
[10:09:09] [Server thread/INFO]: LandeepSingh issued server command: /team echest
[10:09:16] [Thread-10/INFO]: [gg.playit.control.ChannelSetup] send keep alive
[10:09:18] [Server thread/INFO]: Dark_slayer_XD issued server command: /tpa LandeepSingh
[10:09:22] [Server thread/INFO]: LandeepSingh issued server command: /tpaccept
[10:09:53] [Server thread/INFO]: LandeepSingh issued server command: /tpahere Dark_slayer_XD
[10:09:55] [Server thread/INFO]: Dark_slayer_XD issued server command: /team home
[10:10:00] [Server thread/INFO]: Dark_slayer_XD issued server command: /team warp base
[10:10:14] [Server thread/INFO]: Kabir_Dua issued server command: /team warp base
[10:10:29] [Server thread/INFO]: DARSH_BHALANI issued server command: /tpahere Kabir_Dua
[10:10:31] [Server thread/INFO]: LandeepSingh issued server command: /teammsg abe villager kaha gyaaaaa
[10:10:38] [Server thread/INFO]: MUTHAL Kabir_Dua fell from a high place
[10:10:44] [Server thread/INFO]: [Noobs DARSH_BHALANI: Set own game mode to Creative Mode]
[10:10:45] [Server thread/INFO]: Kabir_Dua issued server command: /team warp base
[10:10:49] [Server thread/INFO]: [Noobs DARSH_BHALANI: Set own game mode to Survival Mode]
[10:10:51] [Server thread/INFO]: LandeepSingh issued server command: /teammsg kaha ho tummmm
[10:10:59] [Server thread/INFO]: LandeepSingh issued server command: /teammsg kaha ho tummmm
[10:11:01] [Server thread/INFO]: LandeepSingh issued server command: /teammsg kaha ho tummmm
[10:11:06] [Server thread/INFO]: MUTHAL Kabir_Dua fell from a high place
[10:11:08] [Server thread/INFO]: LandeepSingh issued server command: /team warp base
[10:11:10] [Server thread/INFO]: Kabir_Dua issued server command: /team warp base
[10:11:21] [Server thread/INFO]: MUTHAL Kabir_Dua fell from a high place
[10:11:27] [Server thread/INFO]: Kabir_Dua issued server command: /team warp base
[10:11:28] [Server thread/INFO]: LandeepSingh issued server command: /teammsg abe ye us base se paas h ye raid ho jayega idhr mt rho abhi
[10:11:43] [Server thread/INFO]: LandeepSingh issued server command: /team pvp on
[10:11:46] [Server thread/INFO]: Dark_slayer_XD issued server command: /team chat shift
[10:11:46] [Craft Scheduler Thread - 851 - BetterTeams/INFO]: [Team] Dark_slayer_XD: shift 
[10:11:49] [Server thread/INFO]: LandeepSingh issued server command: /teammsg abe ye us base se paas h ye raid ho jayega idhr mt rho abhi
[10:11:55] [Server thread/INFO]: DARSH_BHALANI issued server command: /team warp Kabir
[10:11:58] [nioEventLoopGroup-2-3/WARN]: [gg.playit.minecraft.PlayitTcpTunnel] failed to send data to tunnel
[10:11:58] [nioEventLoopGroup-2-3/WARN]: [gg.playit.minecraft.PlayitTcpTunnel] failed to send data to tunnel
[10:11:58] [nioEventLoopGroup-2-3/WARN]: [gg.playit.minecraft.PlayitTcpTunnel] failed to send data to tunnel
[10:11:58] [nioEventLoopGroup-2-3/WARN]: [gg.playit.minecraft.PlayitTcpTunnel] failed to send data to tunnel
[10:11:58] [nioEventLoopGroup-2-3/WARN]: [gg.playit.minecraft.PlayitTcpTunnel] failed to send data to tunnel
[10:11:58] [nioEventLoopGroup-2-3/WARN]: [gg.playit.minecraft.PlayitTcpTunnel] failed to send data to tunnel
[10:11:58] [nioEventLoopGroup-2-3/WARN]: [gg.playit.minecraft.PlayitTcpTunnel] failed to send data to tunnel
[10:11:58] [nioEventLoopGroup-2-3/WARN]: [gg.playit.minecraft.PlayitTcpTunnel] failed to send data to tunnel
[10:11:58] [nioEventLoopGroup-2-3/WARN]: [gg.playit.minecraft.PlayitTcpTunnel] failed to send data to tunnel
[10:11:58] [nioEventLoopGroup-2-3/WARN]: [gg.playit.minecraft.PlayitTcpTunnel] failed to send data to tunnel
[10:11:58] [nioEventLoopGroup-2-3/WARN]: [gg.playit.minecraft.PlayitTcpTunnel] failed to send data to tunnel
[10:11:58] [nioEventLoopGroup-2-3/WARN]: [gg.playit.minecraft.PlayitTcpTunnel] failed to send data to tunnel
[10:11:58] [nioEventLoopGroup-2-3/WARN]: [gg.playit.minecraft.PlayitTcpTunnel] failed to send data to tunnel
[10:11:58] [nioEventLoopGroup-2-3/WARN]: [gg.playit.minecraft.PlayitTcpTunnel] failed to send data to tunnel
[10:11:58] [nioEventLoopGroup-2-3/WARN]: [gg.playit.minecraft.PlayitTcpTunnel] failed to send data to tunnel
[10:11:58] [nioEventLoopGroup-2-3/WARN]: [gg.playit.minecraft.PlayitTcpTunnel] failed to send data to tunnel
[10:11:58] [nioEventLoopGroup-2-3/WARN]: [gg.playit.minecraft.PlayitTcpTunnel] failed to send data to tunnel
[10:11:58] [nioEventLoopGroup-2-3/WARN]: [gg.playit.minecraft.PlayitTcpTunnel] failed to send data to tunnel
[10:11:58] [nioEventLoopGroup-2-3/WARN]: [gg.playit.minecraft.PlayitTcpTunnel] failed to send data to tunnel
[10:11:58] [nioEventLoopGroup-2-3/WARN]: [gg.playit.minecraft.PlayitTcpTunnel] failed to send data to tunnel
[10:11:58] [nioEventLoopGroup-2-3/WARN]: [gg.playit.minecraft.PlayitTcpTunnel] failed to send data to tunnel
[10:11:58] [nioEventLoopGroup-2-3/WARN]: [gg.playit.minecraft.PlayitTcpTunnel] failed to send data to tunnel
[10:12:04] [Server thread/INFO]: MUTHAL Kabir_Dua was slain by MUTHAL Dark_slayer_XD
[10:12:08] [Server thread/INFO]: Kabir_Dua issued server command: /team warp base
[10:12:08] [Server thread/INFO]: Dark_slayer_XD issued server command: /withdraw 1
[10:12:47] [Async Chat Thread - #49/INFO]: [Not Secure] [MUTHAL] <Kabir_Dua> water
[10:13:16] [Thread-10/INFO]: [gg.playit.control.ChannelSetup] send keep alive
[10:13:22] [Server thread/INFO]: DARSH_BHALANI issued server command: /team warp Kabir
[10:14:06] [Server thread/INFO]: LandeepSingh issued server command: /team warp base
[10:14:10] [Server thread/INFO]: Kabir_Dua issued server command: /team warp base
[10:14:17] [Server thread/INFO]: LandeepSingh issued server command: /team home
[10:14:31] [Server thread/INFO]: Kabir_Dua issued server command: /tpa LandeepSingh
[10:14:32] [Server thread/INFO]: Sam60 issued server command: /team echest
[10:14:41] [Server thread/INFO]: Kabir_Dua issued server command: /tpa LandeepSingh
[10:14:57] [Server thread/INFO]: DARSH_BHALANI issued server command: /ec
[10:15:11] [Server thread/INFO]: Sam60 issued server command: /team echest
[10:16:52] [Server thread/INFO]: [Noobs DARSH_BHALANI: Set own game mode to Creative Mode]
[10:16:55] [Server thread/INFO]: Dark_slayer_XD issued server command: /tpa Kabir_Dua
[10:17:03] [Server thread/INFO]: Kabir_Dua issued server command: /tpaccept
[10:17:17] [Thread-10/INFO]: [gg.playit.control.ChannelSetup] send keep alive
[10:17:18] [Server thread/INFO]: [Noobs DARSH_BHALANI: Set own game mode to Survival Mode]
[10:18:19] [Server thread/INFO]: DARSH_BHALANI issued server command: /teammsg kaha hai
[10:18:26] [Async Chat Thread - #51/INFO]: [Not Secure] [Noobs] <Sam60> nneche'
[10:18:33] [Async Chat Thread - #51/INFO]: [Not Secure] [MUTHAL] <Kabir_Dua> apke neeche
[10:18:37] [Async Chat Thread - #51/INFO]: [Not Secure] [MUTHAL] <Dark_slayer_XD> mere neeche
[10:18:37] [Async Chat Thread - #51/INFO]: [Not Secure] [MUTHAL] <Kabir_Dua> mehu'
[10:18:38] [Server thread/INFO]: Sam60 issued server command: /team warp Kabir
[10:18:49] [Server thread/INFO]: DARSH_BHALANI issued server command: /teammsg
[10:19:39] [Server thread/INFO]: DARSH_BHALANI issued server command: /ec
[10:19:48] [Server thread/INFO]: DARSH_BHALANI issued server command: /ec
[10:19:59] [Async Chat Thread - #52/INFO]: [Not Secure] [MUTHAL] <Dark_slayer_XD> tumhara new base bangya dosto
[10:20:04] [Async Chat Thread - #52/INFO]: [Not Secure] [Noobs] <DARSH_BHALANI> yes
[10:20:07] [Async Chat Thread - #52/INFO]: [Not Secure] [MUTHAL] <Dark_slayer_XD> noice
[10:20:09] [Async Chat Thread - #52/INFO]: [Not Secure] [MUTHAL] <Kabir_Dua> humara ban gya'
[10:20:11] [Async Chat Thread - #52/INFO]: [Not Secure] [MUTHAL] <Dark_slayer_XD> teji
[10:20:22] [Async Chat Thread - #52/INFO]: [Not Secure] [Noobs] <DARSH_BHALANI> sam ne poori raat bethkar banaya hai
[10:20:32] [Async Chat Thread - #53/INFO]: [Not Secure] [MUTHAL] <Dark_slayer_XD> server to on nhi ho rha tha
[10:20:33] [Async Chat Thread - #53/INFO]: [Not Secure] [MUTHAL] <Kabir_Dua> sam ne puri raat isliye banaya
[10:20:39] [Async Chat Thread - #53/INFO]: [Not Secure] [MUTHAL] <Kabir_Dua> kyonki wo luli hai'
[10:20:46] [Async Chat Thread - #53/INFO]: [Not Secure] [MUTHAL] <Dark_slayer_XD> no
[10:20:48] [Async Chat Thread - #53/INFO]: [Not Secure] [MUTHAL] <Kabir_Dua> yes
[10:20:49] [Async Chat Thread - #53/INFO]: [Not Secure] [Noobs] <DARSH_BHALANI> raat me kara tha maine 3-8
[10:20:52] [Async Chat Thread - #53/INFO]: [Not Secure] [MUTHAL] <Kabir_Dua> liar
[10:20:57] [Async Chat Thread - #53/INFO]: [Not Secure] [Noobs] <DARSH_BHALANI> pooch le sam se
[10:21:01] [Async Chat Thread - #53/INFO]: [Not Secure] [MUTHAL] <Dark_slayer_XD> sai hai
[10:21:01] [Async Chat Thread - #53/INFO]: [Not Secure] [MUTHAL] <Kabir_Dua> nhi'
[10:21:05] [Async Chat Thread - #53/INFO]: [Not Secure] [MUTHAL] <Dark_slayer_XD> kabir
[10:21:05] [Async Chat Thread - #53/INFO]: [Not Secure] [MUTHAL] <Kabir_Dua> aap ka jhut hai''
[10:21:09] [Server thread/INFO]: Sam60 issued server command: /team echest
[10:21:11] [Async Chat Thread - #53/INFO]: [Not Secure] [MUTHAL] <Dark_slayer_XD> jab 2 bade baat kre beech me mt bolo
[10:21:12] [Async Chat Thread - #53/INFO]: [Not Secure] [Noobs] <DARSH_BHALANI> vc to aao
[10:21:18] [Thread-10/INFO]: [gg.playit.control.ChannelSetup] send keep alive
[10:21:21] [Async Chat Thread - #53/INFO]: [Not Secure] [MUTHAL] <Dark_slayer_XD> why
[10:21:24] [Server thread/INFO]: Sam60 issued server command: /team echest
[10:21:26] [Async Chat Thread - #53/INFO]: [Not Secure] [Noobs] <DARSH_BHALANI> wwhy not?
[10:21:28] [Async Chat Thread - #53/INFO]: [Not Secure] [MUTHAL] <Dark_slayer_XD> hum mehnat kr rhe hai
[10:21:31] [Async Chat Thread - #53/INFO]: [Not Secure] [MUTHAL] <Dark_slayer_XD> mehnati
[10:21:41] [Async Chat Thread - #53/INFO]: [Not Secure] [MUTHAL] <Dark_slayer_XD> kabir ki aankho se khun aa rha hai
[10:21:41] [Async Chat Thread - #53/INFO]: [Not Secure] [Noobs] <DARSH_BHALANI> kabir bhai dard toh nahi ho raha?
[10:21:52] [Async Chat Thread - #53/INFO]: [Not Secure] [Noobs] <DARSH_BHALANI> aapke sath mehnat ho rahi hia
[10:22:00] [Async Chat Thread - #53/INFO]: [Not Secure] [MUTHAL] <Dark_slayer_XD> AO
[10:22:01] [Async Chat Thread - #53/INFO]: [Not Secure] [MUTHAL] <Kabir_Dua> balatkar' hua hai mera
[10:22:08] [Async Chat Thread - #53/INFO]: [Not Secure] [Noobs] <DARSH_BHALANI> sorry bhai
[10:22:09] [Server thread/INFO]: Sam60 issued server command: /team echest
[10:22:15] [Async Chat Thread - #53/INFO]: [Not Secure] [MUTHAL] <Kabir_Dua> mein sad hu'
[10:22:21] [Async Chat Thread - #53/INFO]: [Not Secure] [MUTHAL] <Kabir_Dua> T_T
[10:22:23] [Server thread/INFO]: DARSH_BHALANI issued server command: /effect give DARSH_BHALANI minecraft:strength infinite 2
[10:22:23] [Server thread/INFO]: [Noobs DARSH_BHALANI: Applied effect Strength to Noobs DARSH_BHALANI]
[10:22:52] [Server thread/INFO]: DARSH_BHALANI issued server command: /team warp Kabir
[10:23:51] [Server thread/INFO]: DARSH_BHALANI issued server command: /delhome h
[10:23:54] [Server thread/INFO]: DARSH_BHALANI issued server command: /sethome h
[10:23:55] [Server thread/INFO]: DARSH_BHALANI issued server command: /home h
[10:24:34] [Server thread/WARN]: Kabir_Dua moved too quickly! 11.079624284226611,3.7518640014090607,-9.304566509772826
[10:24:35] [Server thread/WARN]: DARSH_BHALANI moved too quickly! 9.847148769232263,0.0625,-1.8811192553728233
[10:25:18] [Thread-10/INFO]: [gg.playit.control.ChannelSetup] send keep alive
[10:25:42] [Server thread/INFO]: Sam60 issued server command: /teammsg idher ao
[10:25:46] [Server thread/INFO]: DARSH_BHALANI issued server command: /effect clear DARSH_BHALANI
[10:25:46] [Server thread/INFO]: [Noobs DARSH_BHALANI: Removed every effect from Noobs DARSH_BHALANI]
[10:25:55] [Server thread/INFO]: DARSH_BHALANI issued server command: /effect give DARSH_BHALANI minecraft:strength infinite 1
[10:25:55] [Server thread/INFO]: [Noobs DARSH_BHALANI: Applied effect Strength to Noobs DARSH_BHALANI]
[10:26:16] [nioEventLoopGroup-2-2/WARN]: [gg.playit.minecraft.PlayitTcpTunnel] failed to send data to tunnel
[10:26:16] [Server thread/INFO]: Dark_slayer_XD lost connection: Disconnected
[10:26:16] [Server thread/INFO]: MUTHAL Dark_slayer_XD left the game
[10:26:16] [Thread-10/INFO]: [gg.playit.minecraft.PlayitManager] got new client: NewClient{connectAddr=147.185.221.22:18055, peerAddr=103.46.202.163:49895, claimAddress=209.25.143.2:42760, claimToken=[44, 0, 108, -109, -71, -35, 22, 70, -121, 103, 46, -54, -93, -62, -25, -117, -85, 87, -1, -89, 8, 105, -77, -26, 72, 0, 0, 0, 0, 0, 17, 111, 31, 0, 0, 0, 0, 0, 89, 55, 13, 0, 0, 0, 0, 0, 52, 113, -48, -106, -38, -89, 8, 0, 0, 0, 0, 28, 0, 0, 0, 0, 0, 0, 0, 2, 0, 4, 0, 38, 37, 0, -122, 6, 30, 89, 111, 100, 101, 108, 45, 101, 100, 117, 99, 97, 116, 105, 111, 110, 46, 103, 108, 46, 106, 111, 105, 110, 109, 99, 46, 108, 105, 110, 107, 99, -35, 1, -17, -108, -105, 74, 124, 82, 37, 83, -7, -119, 46, -76, 64, 93, -68, -5], tunnelServerId=0, tunnelId=3437008, dataCenterId=28, portOffset=0}
[10:26:16] [Thread-10/INFO]: [gg.playit.minecraft.PlayitManager] starting tcp tunnel for client
[10:26:16] [Thread-10/INFO]: [gg.playit.minecraft.PlayitTcpTunnel] start connection to /209.25.143.2:42760 to claim client
[10:26:16] [nioEventLoopGroup-2-3/INFO]: [gg.playit.minecraft.PlayitTcpTunnel] connected to tunnel server, sending claim token
[10:26:16] [nioEventLoopGroup-2-3/INFO]: [gg.playit.minecraft.PlayitTcpTunnel] claim token sent
[10:26:16] [nioEventLoopGroup-2-3/INFO]: [gg.playit.minecraft.PlayitTcpTunnel] connection to tunnel server has been established
[10:26:16] [nioEventLoopGroup-2-3/INFO]: [gg.playit.minecraft.PlayitTcpTunnel] connecting to minecraft server at localhost/127.0.0.1:25565
[10:26:16] [nioEventLoopGroup-2-4/INFO]: [gg.playit.minecraft.PlayitTcpTunnel] connected to local minecraft server
[10:26:16] [Netty Epoll IO #2/INFO]: [gg.playit.minecraft.PlayitHeaderDecoder] parsed playit header, true client IP: /103.46.202.163:49895
[10:26:16] [Netty Epoll IO #2/INFO]: [gg.playit.minecraft.PlayitHeaderDecoder] updated connection address on handler: packet_handler
[10:26:21] [Server thread/INFO]: DARSH_BHALANI issued server command: /teammsg kuch bhi nahi hai
[10:26:44] [Server thread/WARN]: DARSH_BHALANI moved too quickly! 0.984810705953123,-0.24785109963254115,-16.335159501117914
[10:26:45] [Netty Epoll IO #3/INFO]: Disconnecting Sam60 for sending keepalive response (9644256) out-of-order!
[10:26:45] [Server thread/INFO]: Sam60 lost connection: Timed out
[10:26:45] [Server thread/INFO]: Sam60 left the game
[10:26:45] [nioEventLoopGroup-2-2/WARN]: [gg.playit.minecraft.PlayitTcpTunnel] failed to send data to minecraft server
[10:26:53] [Thread-10/INFO]: [gg.playit.minecraft.PlayitManager] got new client: NewClient{connectAddr=147.185.221.22:18055, peerAddr=182.69.177.162:21984, claimAddress=209.25.143.2:39688, claimToken=[44, 0, 107, -109, -71, -35, 22, 70, -121, -74, 69, -79, -94, 85, -32, -113, -59, 68, 78, -101, 8, 105, -77, -26, 109, 0, 0, 0, 0, 0, 17, 111, 31, 0, 0, 0, 0, 0, 89, 55, 13, 0, 0, 0, 0, 0, 52, 113, -48, -110, 42, -101, 8, 0, 0, 0, 0, 28, 0, 0, 0, 0, 0, 0, 0, 2, 0, 3, 0, 37, 36, 0, -122, 6, 29, 121, 111, 100, 101, 108, 45, 101, 100, 117, 99, 97, 116, 105, 111, 110, 46, 103, 108, 46, 97, 116, 46, 112, 108, 121, 46, 103, 103, 46, 70, -121, 2, -63, -16, -117, -24, 15, -35, -43, 52, 119, -80, -16, -42, 116, -23, 101, 22], tunnelServerId=0, tunnelId=3437008, dataCenterId=28, portOffset=0}
[10:26:53] [Thread-10/INFO]: [gg.playit.minecraft.PlayitManager] starting tcp tunnel for client
[10:26:53] [Thread-10/INFO]: [gg.playit.minecraft.PlayitTcpTunnel] start connection to /209.25.143.2:39688 to claim client
[10:26:53] [nioEventLoopGroup-2-1/INFO]: [gg.playit.minecraft.PlayitTcpTunnel] connected to tunnel server, sending claim token
[10:26:53] [nioEventLoopGroup-2-1/INFO]: [gg.playit.minecraft.PlayitTcpTunnel] claim token sent
[10:26:53] [nioEventLoopGroup-2-1/INFO]: [gg.playit.minecraft.PlayitTcpTunnel] connection to tunnel server has been established
[10:26:53] [nioEventLoopGroup-2-1/INFO]: [gg.playit.minecraft.PlayitTcpTunnel] connecting to minecraft server at localhost/127.0.0.1:25565
[10:26:53] [nioEventLoopGroup-2-2/INFO]: [gg.playit.minecraft.PlayitTcpTunnel] connected to local minecraft server
[10:26:53] [Netty Epoll IO #3/INFO]: [gg.playit.minecraft.PlayitHeaderDecoder] parsed playit header, true client IP: /182.69.177.162:21984
[10:26:53] [Netty Epoll IO #3/INFO]: [gg.playit.minecraft.PlayitHeaderDecoder] updated connection address on handler: packet_handler
[10:26:55] [User Authenticator #10/INFO]: UUID of player Sam60 is e6ca839e-eb8c-357b-9bba-1fadae31b4aa
[10:26:56] [TAB Processing Thread/INFO]: [TAB] [WARN] Player Sam60's group (none) is not in sorting list! Sorting list: owner,admin,mod,helper,builder,vip,default. Player will be sorted on the bottom.
[10:26:56] [Server thread/INFO]: Noobs Sam60 joined the game
[10:26:56] [Server thread/INFO]: Sam60[/182.69.177.162:21984] logged in with entity id 74578 at ([world]1302.699999988079, 66.0, 775.7601514722469)
[10:27:03] [Server thread/INFO]: Kabir_Dua issued server command: /team warp base
[10:27:05] [Server thread/INFO]: Sam60 issued server command: /login 06021606
[10:28:20] [Server thread/INFO]: DARSH_BHALANI issued server command: /tpahere LandeepSingh
[10:28:31] [Server thread/INFO]: Villager Villager['Villager'/68381, uuid='cd6b55a6-ade6-44b1-aa4d-c42565546b2b', l='ServerLevel[world]', x=2322.30, y=60.00, z=416.73, cpos=[145, 26], tl=14727, v=true] died, message: 'Villager was slain by Zombie'
[10:28:50] [nioEventLoopGroup-2-1/WARN]: [gg.playit.minecraft.PlayitTcpTunnel] failed to send data to tunnel
[10:28:50] [Server thread/INFO]: Kabir_Dua lost connection: Disconnected
[10:28:50] [Server thread/INFO]: MUTHAL Kabir_Dua left the game
[10:28:54] [nioEventLoopGroup-2-1/WARN]: [gg.playit.minecraft.PlayitTcpTunnel] failed to send data to tunnel
[10:28:54] [Server thread/INFO]: DARSH_BHALANI lost connection: Disconnected
[10:28:54] [Server thread/INFO]: Noobs DARSH_BHALANI left the game
[10:28:54] [Thread-10/INFO]: [gg.playit.minecraft.PlayitManager] got new client: NewClient{connectAddr=147.185.221.22:18055, peerAddr=103.115.206.76:51356, claimAddress=209.25.143.2:42760, claimToken=[44, 0, 108, -109, -71, -35, 22, 70, -121, 103, 115, -50, 76, -56, -100, -42, -90, 81, -112, -89, 8, 105, -77, -26, -26, 0, 0, 0, 0, 0, 17, 111, 31, 0, 0, 0, 0, 0, 89, 55, 13, 0, 0, 0, 0, 0, 52, 113, -48, 111, 107, -89, 8, 0, 0, 0, 0, 28, 0, 0, 0, 0, 0, 0, 0, 2, 0, 1, 0, 38, 37, 0, -122, 6, 30, 121, 111, 100, 101, 108, 45, 101, 100, 117, 99, 97, 116, 105, 111, 110, 46, 103, 108, 46, 106, 111, 105, 110, 109, 99, 46, 108, 105, 110, 107, 99, -35, 1, -60, -45, 18, -95, 25, -66, 20, -77, -91, -103, -8, 0, -127, 58, 34, 70], tunnelServerId=0, tunnelId=3437008, dataCenterId=28, portOffset=0}
[10:28:54] [Thread-10/INFO]: [gg.playit.minecraft.PlayitManager] starting tcp tunnel for client
[10:28:54] [Thread-10/INFO]: [gg.playit.minecraft.PlayitTcpTunnel] start connection to /209.25.143.2:42760 to claim client
[10:28:54] [nioEventLoopGroup-2-3/INFO]: [gg.playit.minecraft.PlayitTcpTunnel] connected to tunnel server, sending claim token
[10:28:54] [nioEventLoopGroup-2-3/INFO]: [gg.playit.minecraft.PlayitTcpTunnel] claim token sent
[10:28:54] [nioEventLoopGroup-2-3/INFO]: [gg.playit.minecraft.PlayitTcpTunnel] connection to tunnel server has been established
[10:28:54] [nioEventLoopGroup-2-3/INFO]: [gg.playit.minecraft.PlayitTcpTunnel] connecting to minecraft server at localhost/127.0.0.1:25565
[10:28:54] [nioEventLoopGroup-2-4/INFO]: [gg.playit.minecraft.PlayitTcpTunnel] connected to local minecraft server
[10:28:54] [Netty Epoll IO #0/INFO]: [gg.playit.minecraft.PlayitHeaderDecoder] parsed playit header, true client IP: /103.115.206.76:51356
[10:28:54] [Netty Epoll IO #0/INFO]: [gg.playit.minecraft.PlayitHeaderDecoder] updated connection address on handler: packet_handler
[10:28:58] [nioEventLoopGroup-2-1/WARN]: [gg.playit.minecraft.PlayitTcpTunnel] failed to send data to tunnel
[10:28:58] [Server thread/INFO]: Sam60 lost connection: Disconnected
[10:28:58] [Server thread/INFO]: Noobs Sam60 left the game
[10:29:00] [Thread-10/INFO]: [gg.playit.minecraft.PlayitManager] got new client: NewClient{connectAddr=147.185.221.22:18055, peerAddr=182.69.177.162:16097, claimAddress=209.25.143.2:39688, claimToken=[44, 0, 115, -109, -71, -35, 22, 99, -35, -74, 69, -79, -94, 62, -31, -65, -126, 69, 84, -101, 8, 105, -77, -26, -20, 0, 0, 0, 0, 0, 17, 111, 31, 0, 0, 0, 0, 0, 89, 55, 13, 0, 0, 0, 0, 0, 52, 113, -48, 112, 47, -101, 8, 1, 4, -109, -71, -35, 22, 70, -121, 0, 0, 0, 28, 0, 0, 0, 0, 0, 0, 0, 2, 0, 3, 0, 38, 37, 0, -122, 6, 30, 121, 111, 100, 101, 108, 45, 101, 100, 117, 99, 97, 116, 105, 111, 110, 46, 103, 108, 46, 106, 111, 105, 110, 109, 99, 46, 108, 105, 110, 107, 99, -35, 1, -28, -128, -107, -38, -32, 48, 15, -116, -118, 7, 39, -102, 120, -38, -56, -35], tunnelServerId=0, tunnelId=3437008, dataCenterId=28, portOffset=0}
[10:29:00] [Thread-10/INFO]: [gg.playit.minecraft.PlayitManager] starting tcp tunnel for client
[10:29:00] [Thread-10/INFO]: [gg.playit.minecraft.PlayitTcpTunnel] start connection to /209.25.143.2:39688 to claim client
[10:29:00] [nioEventLoopGroup-2-1/INFO]: [gg.playit.minecraft.PlayitTcpTunnel] connected to tunnel server, sending claim token
[10:29:00] [nioEventLoopGroup-2-1/INFO]: [gg.playit.minecraft.PlayitTcpTunnel] claim token sent
[10:29:00] [nioEventLoopGroup-2-1/INFO]: [gg.playit.minecraft.PlayitTcpTunnel] connection to tunnel server has been established
[10:29:00] [nioEventLoopGroup-2-1/INFO]: [gg.playit.minecraft.PlayitTcpTunnel] connecting to minecraft server at localhost/127.0.0.1:25565
[10:29:00] [nioEventLoopGroup-2-2/INFO]: [gg.playit.minecraft.PlayitTcpTunnel] connected to local minecraft server
[10:29:00] [Netty Epoll IO #1/INFO]: [gg.playit.minecraft.PlayitHeaderDecoder] parsed playit header, true client IP: /182.69.177.162:16097
[10:29:00] [Netty Epoll IO #1/INFO]: [gg.playit.minecraft.PlayitHeaderDecoder] updated connection address on handler: packet_handler
[10:29:21] [Thread-10/INFO]: [gg.playit.control.ChannelSetup] send keep alive
[10:29:38] [Server thread/INFO]: LandeepSingh issued server command: /team echest
[10:29:42] [nioEventLoopGroup-2-3/WARN]: [gg.playit.minecraft.PlayitTcpTunnel] failed to send data to tunnel
[10:29:42] [Server thread/INFO]: LandeepSingh lost connection: Disconnected
[10:29:42] [Server thread/INFO]: MUTHAL LandeepSingh left the game
[10:29:43] [Thread-10/INFO]: [gg.playit.minecraft.PlayitManager] got new client: NewClient{connectAddr=147.185.221.22:18055, peerAddr=103.82.78.169:11539, claimAddress=209.25.143.2:42760, claimToken=[44, 0, 108, -109, -71, -35, 22, 70, -121, 103, 82, 78, -87, 45, 19, -14, 45, -64, -122, -89, 8, 105, -77, -25, 23, 0, 0, 0, 0, 0, 17, 111, 31, 0, 0, 0, 0, 0, 89, 55, 13, 0, 0, 0, 0, 0, 52, 113, -48, -102, 97, -89, 8, 0, 0, 0, 0, 28, 0, 0, 0, 0, 0, 0, 0, 2, 0, 1, 0, 38, 37, 0, -122, 6, 30, 121, 111, 100, 101, 108, 45, 101, 100, 117, 99, 97, 116, 105, 111, 110, 46, 103, 108, 46, 106, 111, 105, 110, 109, 99, 46, 108, 105, 110, 107, 99, -35, 1, 92, -53, 34, 76, 94, 1, 90, 122, 121, -33, 12, -126, 109, 58, -98, 14], tunnelServerId=0, tunnelId=3437008, dataCenterId=28, portOffset=0}
[10:29:43] [Thread-10/INFO]: [gg.playit.minecraft.PlayitManager] starting tcp tunnel for client
[10:29:43] [Thread-10/INFO]: [gg.playit.minecraft.PlayitTcpTunnel] start connection to /209.25.143.2:42760 to claim client
[10:29:43] [nioEventLoopGroup-2-3/INFO]: [gg.playit.minecraft.PlayitTcpTunnel] connected to tunnel server, sending claim token
[10:29:43] [nioEventLoopGroup-2-3/INFO]: [gg.playit.minecraft.PlayitTcpTunnel] claim token sent
[10:29:43] [nioEventLoopGroup-2-3/INFO]: [gg.playit.minecraft.PlayitTcpTunnel] connection to tunnel server has been established
[10:29:43] [nioEventLoopGroup-2-3/INFO]: [gg.playit.minecraft.PlayitTcpTunnel] connecting to minecraft server at localhost/127.0.0.1:25565
[10:29:43] [nioEventLoopGroup-2-4/INFO]: [gg.playit.minecraft.PlayitTcpTunnel] connected to local minecraft server
[10:29:43] [Netty Epoll IO #2/INFO]: [gg.playit.minecraft.PlayitHeaderDecoder] parsed playit header, true client IP: /103.82.78.169:11539
[10:29:43] [Netty Epoll IO #2/INFO]: [gg.playit.minecraft.PlayitHeaderDecoder] updated connection address on handler: packet_handler
[10:29:53] [Thread-10/INFO]: [gg.playit.minecraft.PlayitManager] got new client: NewClient{connectAddr=147.185.221.22:18055, peerAddr=103.46.202.163:51370, claimAddress=209.25.143.2:42760, claimToken=[44, 0, 108, -109, -71, -35, 22, 70, -121, 103, 46, -54, -93, -56, -86, -55, 47, 75, -87, -89, 8, 105, -77, -25, 33, 0, 0, 0, 0, 0, 17, 111, 31, 0, 0, 0, 0, 0, 89, 55, 13, 0, 0, 0, 0, 0, 52, 113, -48, -55, -124, -89, 8, 0, 0, 0, 0, 28, 0, 0, 0, 0, 0, 0, 0, 2, 0, 1, 0, 38, 37, 0, -122, 6, 30, 89, 111, 100, 101, 108, 45, 101, 100, 117, 99, 97, 116, 105, 111, 110, 46, 103, 108, 46, 106, 111, 105, 110, 109, 99, 46, 108, 105, 110, 107, 99, -35, 1, 69, -87, -94, -58, 12, -91, -73, 56, 127, 49, 2, 85, -79, -36, 121, 45], tunnelServerId=0, tunnelId=3437008, dataCenterId=28, portOffset=0}
[10:29:53] [Thread-10/INFO]: [gg.playit.minecraft.PlayitManager] starting tcp tunnel for client
[10:29:53] [Thread-10/INFO]: [gg.playit.minecraft.PlayitTcpTunnel] start connection to /209.25.143.2:42760 to claim client
[10:29:53] [nioEventLoopGroup-2-1/INFO]: [gg.playit.minecraft.PlayitTcpTunnel] connected to tunnel server, sending claim token
[10:29:53] [nioEventLoopGroup-2-1/INFO]: [gg.playit.minecraft.PlayitTcpTunnel] claim token sent
[10:29:53] [nioEventLoopGroup-2-1/INFO]: [gg.playit.minecraft.PlayitTcpTunnel] connection to tunnel server has been established
[10:29:53] [nioEventLoopGroup-2-1/INFO]: [gg.playit.minecraft.PlayitTcpTunnel] connecting to minecraft server at localhost/127.0.0.1:25565
[10:29:53] [nioEventLoopGroup-2-2/INFO]: [gg.playit.minecraft.PlayitTcpTunnel] connected to local minecraft server
[10:29:53] [Netty Epoll IO #3/INFO]: [gg.playit.minecraft.PlayitHeaderDecoder] parsed playit header, true client IP: /103.46.202.163:51370
[10:29:53] [Netty Epoll IO #3/INFO]: [gg.playit.minecraft.PlayitHeaderDecoder] updated connection address on handler: packet_handler
[10:30:31] [Thread-10/INFO]: [gg.playit.minecraft.PlayitManager] got new client: NewClient{connectAddr=147.185.221.22:18055, peerAddr=103.115.206.76:55803, claimAddress=209.25.143.2:43784, claimToken=[44, 0, 106, -109, -71, -35, 22, 70, -121, 103, 115, -50, 76, -39, -5, -13, 61, -122, 86, -85, 8, 105, -77, -25, 72, 0, 0, 0, 0, 0, 17, 111, 31, 0, 0, 0, 0, 0, 89, 55, 13, 0, 0, 0, 0, 0, 52, 113, -48, 66, 51, -85, 8, 0, 0, 0, 0, 28, 0, 0, 0, 0, 0, 0, 0, 2, 0, 3, 0, 36, 35, 0, 47, 29, 121, 111, 100, 101, 108, 45, 101, 100, 117, 99, 97, 116, 105, 111, 110, 46, 103, 108, 46, 97, 116, 46, 112, 108, 121, 46, 103, 103, 46, 70, -121, 1, 63, -32, -45, -127, -4, 97, 63, -21, 107, -127, 104, 25, -117, -41, 86, -35], tunnelServerId=0, tunnelId=3437008, dataCenterId=28, portOffset=0}
[10:30:31] [Thread-10/INFO]: [gg.playit.minecraft.PlayitManager] starting tcp tunnel for client
[10:30:31] [Thread-10/INFO]: [gg.playit.minecraft.PlayitTcpTunnel] start connection to /209.25.143.2:43784 to claim client
[10:30:31] [nioEventLoopGroup-2-3/INFO]: [gg.playit.minecraft.PlayitTcpTunnel] connected to tunnel server, sending claim token
[10:30:31] [nioEventLoopGroup-2-3/INFO]: [gg.playit.minecraft.PlayitTcpTunnel] claim token sent
[10:30:31] [nioEventLoopGroup-2-3/INFO]: [gg.playit.minecraft.PlayitTcpTunnel] connection to tunnel server has been established
[10:30:31] [nioEventLoopGroup-2-3/INFO]: [gg.playit.minecraft.PlayitTcpTunnel] connecting to minecraft server at localhost/127.0.0.1:25565
[10:30:31] [nioEventLoopGroup-2-4/INFO]: [gg.playit.minecraft.PlayitTcpTunnel] connected to local minecraft server
[10:30:31] [Netty Epoll IO #0/INFO]: [gg.playit.minecraft.PlayitHeaderDecoder] parsed playit header, true client IP: /103.115.206.76:55803
[10:30:31] [Netty Epoll IO #0/INFO]: [gg.playit.minecraft.PlayitHeaderDecoder] updated connection address on handler: packet_handler
[10:30:43] [Thread-10/INFO]: [gg.playit.minecraft.PlayitManager] got new client: NewClient{connectAddr=147.185.221.22:18055, peerAddr=122.162.144.172:27142, claimAddress=209.25.143.2:39688, claimToken=[44, 0, 108, -109, -71, -35, 22, 70, -121, 122, -94, -112, -84, 106, 6, -2, 104, 98, -64, -101, 8, 105, -77, -25, 83, 0, 0, 0, 0, 0, 17, 111, 31, 0, 0, 0, 0, 0, 89, 55, 13, 0, 0, 0, 0, 0, 52, 113, -48, 23, -101, -101, 8, 0, 0, 0, 0, 28, 0, 0, 0, 0, 0, 0, 0, 2, 0, 5, 0, 38, 37, 0, -126, 6, 30, 121, 111, 100, 101, 108, 45, 101, 100, 117, 99, 97, 116, 105, 111, 110, 46, 103, 108, 46, 106, 111, 105, 110, 109, 99, 46, 108, 105, 110, 107, 99, -35, 1, -72, 51, 19, 126, 7, -42, -50, -119, -101, 109, -109, -31, 26, -27, -21, -61], tunnelServerId=0, tunnelId=3437008, dataCenterId=28, portOffset=0}
[10:30:43] [Thread-10/INFO]: [gg.playit.minecraft.PlayitManager] starting tcp tunnel for client
[10:30:43] [Thread-10/INFO]: [gg.playit.minecraft.PlayitTcpTunnel] start connection to /209.25.143.2:39688 to claim client
[10:30:43] [nioEventLoopGroup-2-1/INFO]: [gg.playit.minecraft.PlayitTcpTunnel] connected to tunnel server, sending claim token
[10:30:43] [nioEventLoopGroup-2-1/INFO]: [gg.playit.minecraft.PlayitTcpTunnel] claim token sent
[10:30:43] [nioEventLoopGroup-2-1/INFO]: [gg.playit.minecraft.PlayitTcpTunnel] connection to tunnel server has been established
[10:30:43] [nioEventLoopGroup-2-1/INFO]: [gg.playit.minecraft.PlayitTcpTunnel] connecting to minecraft server at localhost/127.0.0.1:25565
[10:30:43] [nioEventLoopGroup-2-2/INFO]: [gg.playit.minecraft.PlayitTcpTunnel] connected to local minecraft server
[10:30:43] [Netty Epoll IO #1/INFO]: [gg.playit.minecraft.PlayitHeaderDecoder] parsed playit header, true client IP: /122.162.144.172:27142
[10:30:43] [Netty Epoll IO #1/INFO]: [gg.playit.minecraft.PlayitHeaderDecoder] updated connection address on handler: packet_handler
[10:31:39] [Thread-10/INFO]: [gg.playit.minecraft.PlayitManager] got new client: NewClient{connectAddr=147.185.221.22:18055, peerAddr=182.69.177.162:1536, claimAddress=209.25.143.2:39688, claimToken=[44, 0, 115, -109, -71, -35, 22, 99, -35, -74, 69, -79, -94, 6, 0, 116, 97, -70, 116, -101, 8, 105, -77, -25, -117, 0, 0, 0, 0, 0, 17, 111, 31, 0, 0, 0, 0, 0, 89, 55, 13, 0, 0, 0, 0, 0, 52, 113, -48, 22, 79, -101, 8, 1, 4, -109, -71, -35, 22, 70, -121, 0, 0, 0, 28, 0, 0, 0, 0, 0, 0, 0, 2, 0, 4, 0, 38, 37, 0, -122, 6, 30, 121, 111, 100, 101, 108, 45, 101, 100, 117, 99, 97, 116, 105, 111, 110, 46, 103, 108, 46, 106, 111, 105, 110, 109, 99, 46, 108, 105, 110, 107, 99, -35, 1, -37, 127, 76, -117, 76, 75, -117, 118, -108, -86, -21, 32, -108, -48, 28, 105], tunnelServerId=0, tunnelId=3437008, dataCenterId=28, portOffset=0}
[10:31:39] [Thread-10/INFO]: [gg.playit.minecraft.PlayitManager] starting tcp tunnel for client
[10:31:39] [Thread-10/INFO]: [gg.playit.minecraft.PlayitTcpTunnel] start connection to /209.25.143.2:39688 to claim client
[10:31:39] [nioEventLoopGroup-2-3/INFO]: [gg.playit.minecraft.PlayitTcpTunnel] connected to tunnel server, sending claim token
[10:31:39] [nioEventLoopGroup-2-3/INFO]: [gg.playit.minecraft.PlayitTcpTunnel] claim token sent
[10:31:39] [nioEventLoopGroup-2-3/INFO]: [gg.playit.minecraft.PlayitTcpTunnel] connection to tunnel server has been established
[10:31:39] [nioEventLoopGroup-2-3/INFO]: [gg.playit.minecraft.PlayitTcpTunnel] connecting to minecraft server at localhost/127.0.0.1:25565
[10:31:39] [nioEventLoopGroup-2-4/INFO]: [gg.playit.minecraft.PlayitTcpTunnel] connected to local minecraft server
[10:31:39] [Netty Epoll IO #2/INFO]: [gg.playit.minecraft.PlayitHeaderDecoder] parsed playit header, true client IP: /182.69.177.162:1536
[10:31:39] [Netty Epoll IO #2/INFO]: [gg.playit.minecraft.PlayitHeaderDecoder] updated connection address on handler: packet_handler
[10:33:21] [Thread-10/INFO]: [gg.playit.control.ChannelSetup] send keep alive
[10:37:22] [Thread-10/INFO]: [gg.playit.control.ChannelSetup] send keep alive
[10:40:39] [Thread-10/INFO]: [gg.playit.minecraft.PlayitManager] got new client: NewClient{connectAddr=147.185.221.22:18055, peerAddr=182.69.177.162:28049, claimAddress=209.25.143.2:39688, claimToken=[44, 0, 114, -109, -71, -35, 22, 99, -35, -74, 69, -79, -94, 109, -111, 40, -34, 88, -8, -101, 8, 105, -77, -23, -89, 0, 0, 0, 0, 0, 17, 111, 31, 0, 0, 0, 0, 0, 89, 55, 13, 0, 0, 0, 0, 0, 52, 113, -48, -124, -44, -101, 8, 1, 4, -109, -71, -35, 22, 70, -121, 0, 0, 0, 28, 0, 0, 0, 0, 0, 0, 0, 2, 0, 0, 0, 37, 36, 0, 47, 30, 121, 111, 100, 101, 108, 45, 101, 100, 117, 99, 97, 116, 105, 111, 110, 46, 103, 108, 46, 106, 111, 105, 110, 109, 99, 46, 108, 105, 110, 107, 99, -35, 1, 12, -110, 96, 58, -30, 40, 44, 10, -101, -44, -52, -83, -18, -57, 69, 49], tunnelServerId=0, tunnelId=3437008, dataCenterId=28, portOffset=0}
[10:40:39] [Thread-10/INFO]: [gg.playit.minecraft.PlayitManager] starting tcp tunnel for client
[10:40:39] [Thread-10/INFO]: [gg.playit.minecraft.PlayitTcpTunnel] start connection to /209.25.143.2:39688 to claim client
[10:40:39] [nioEventLoopGroup-2-1/INFO]: [gg.playit.minecraft.PlayitTcpTunnel] connected to tunnel server, sending claim token
[10:40:39] [nioEventLoopGroup-2-1/INFO]: [gg.playit.minecraft.PlayitTcpTunnel] claim token sent
[10:40:39] [nioEventLoopGroup-2-1/INFO]: [gg.playit.minecraft.PlayitTcpTunnel] connection to tunnel server has been established
[10:40:39] [nioEventLoopGroup-2-1/INFO]: [gg.playit.minecraft.PlayitTcpTunnel] connecting to minecraft server at localhost/127.0.0.1:25565
[10:40:39] [nioEventLoopGroup-2-2/INFO]: [gg.playit.minecraft.PlayitTcpTunnel] connected to local minecraft server
[10:40:39] [Netty Epoll IO #3/INFO]: [gg.playit.minecraft.PlayitHeaderDecoder] parsed playit header, true client IP: /182.69.177.162:28049
[10:40:39] [Netty Epoll IO #3/INFO]: [gg.playit.minecraft.PlayitHeaderDecoder] updated connection address on handler: packet_handler
[10:41:25] [Thread-10/INFO]: [gg.playit.control.ChannelSetup] send keep alive
[10:41:28] [Thread-10/INFO]: [gg.playit.minecraft.PlayitManager] got new client: NewClient{connectAddr=147.185.221.22:18055, peerAddr=182.69.177.162:9829, claimAddress=209.25.143.2:39688, claimToken=[44, 0, 106, -109, -71, -35, 22, 70, -121, -74, 69, -79, -94, 38, 101, 78, 116, -72, 91, -101, 8, 105, -77, -23, -40, 0, 0, 0, 0, 0, 17, 111, 31, 0, 0, 0, 0, 0, 89, 55, 13, 0, 0, 0, 0, 0, 52, 113, -48, 93, 56, -101, 8, 0, 0, 0, 0, 28, 0, 0, 0, 0, 0, 0, 0, 2, 0, 1, 0, 36, 35, 0, 47, 29, 121, 111, 100, 101, 108, 45, 101, 100, 117, 99, 97, 116, 105, 111, 110, 46, 103, 108, 46, 97, 116, 46, 112, 108, 121, 46, 103, 103, 46, 70, -121, 1, 54, 40, -75, -51, -36, -127, 47, 106, -10, 53, 66, -86, 75, -41, -31, 58], tunnelServerId=0, tunnelId=3437008, dataCenterId=28, portOffset=0}
[10:41:28] [Thread-10/INFO]: [gg.playit.minecraft.PlayitManager] starting tcp tunnel for client
[10:41:28] [Thread-10/INFO]: [gg.playit.minecraft.PlayitTcpTunnel] start connection to /209.25.143.2:39688 to claim client
[10:41:28] [nioEventLoopGroup-2-3/INFO]: [gg.playit.minecraft.PlayitTcpTunnel] connected to tunnel server, sending claim token
[10:41:28] [nioEventLoopGroup-2-3/INFO]: [gg.playit.minecraft.PlayitTcpTunnel] claim token sent
[10:41:28] [nioEventLoopGroup-2-3/INFO]: [gg.playit.minecraft.PlayitTcpTunnel] connection to tunnel server has been established
[10:41:28] [nioEventLoopGroup-2-3/INFO]: [gg.playit.minecraft.PlayitTcpTunnel] connecting to minecraft server at localhost/127.0.0.1:25565
[10:41:28] [nioEventLoopGroup-2-4/INFO]: [gg.playit.minecraft.PlayitTcpTunnel] connected to local minecraft server
[10:41:28] [Netty Epoll IO #0/INFO]: [gg.playit.minecraft.PlayitHeaderDecoder] parsed playit header, true client IP: /182.69.177.162:9829
[10:41:28] [Netty Epoll IO #0/INFO]: [gg.playit.minecraft.PlayitHeaderDecoder] updated connection address on handler: packet_handler
[10:44:17] [Thread-10/INFO]: [gg.playit.minecraft.PlayitManager] got new client: NewClient{connectAddr=147.185.221.22:18055, peerAddr=182.69.177.162:6188, claimAddress=209.25.143.2:39688, claimToken=[44, 0, 114, -109, -71, -35, 22, 99, -35, -74, 69, -79, -94, 24, 44, 21, -63, 61, -45, -101, 8, 105, -77, -22, -127, 0, 0, 0, 0, 0, 17, 111, 31, 0, 0, 0, 0, 0, 89, 55, 13, 0, 0, 0, 0, 0, 52, 113, -48, -8, -81, -101, 8, 1, 4, -109, -71, -35, 22, 70, -121, 0, 0, 0, 28, 0, 0, 0, 0, 0, 0, 0, 2, 0, 0, 0, 37, 36, 0, 47, 30, 121, 111, 100, 101, 108, 45, 101, 100, 117, 99, 97, 116, 105, 111, 110, 46, 103, 108, 46, 106, 111, 105, 110, 109, 99, 46, 108, 105, 110, 107, 99, -35, 1, 86, 80, 34, 81, 98, -95, 108, -113, 67, 32, 48, 14, -111, -79, 121, 63], tunnelServerId=0, tunnelId=3437008, dataCenterId=28, portOffset=0}
[10:44:17] [Thread-10/INFO]: [gg.playit.minecraft.PlayitManager] starting tcp tunnel for client
[10:44:17] [Thread-10/INFO]: [gg.playit.minecraft.PlayitTcpTunnel] start connection to /209.25.143.2:39688 to claim client
[10:44:17] [nioEventLoopGroup-2-1/INFO]: [gg.playit.minecraft.PlayitTcpTunnel] connected to tunnel server, sending claim token
[10:44:17] [nioEventLoopGroup-2-1/INFO]: [gg.playit.minecraft.PlayitTcpTunnel] claim token sent
[10:44:17] [nioEventLoopGroup-2-1/INFO]: [gg.playit.minecraft.PlayitTcpTunnel] connection to tunnel server has been established
[10:44:17] [nioEventLoopGroup-2-1/INFO]: [gg.playit.minecraft.PlayitTcpTunnel] connecting to minecraft server at localhost/127.0.0.1:25565
[10:44:17] [nioEventLoopGroup-2-2/INFO]: [gg.playit.minecraft.PlayitTcpTunnel] connected to local minecraft server
[10:44:17] [Netty Epoll IO #1/INFO]: [gg.playit.minecraft.PlayitHeaderDecoder] parsed playit header, true client IP: /182.69.177.162:6188
[10:44:17] [Netty Epoll IO #1/INFO]: [gg.playit.minecraft.PlayitHeaderDecoder] updated connection address on handler: packet_handler
[10:45:26] [Thread-10/INFO]: [gg.playit.control.ChannelSetup] send keep alive
[10:49:26] [Thread-10/INFO]: [gg.playit.control.ChannelSetup] send keep alive
[10:53:27] [Thread-10/INFO]: [gg.playit.control.ChannelSetup] send keep alive
[10:57:27] [Thread-10/INFO]: [gg.playit.control.ChannelSetup] send keep alive
[11:00:08] [Thread-10/INFO]: [gg.playit.minecraft.PlayitManager] got new client: NewClient{connectAddr=147.185.221.22:18055, peerAddr=103.115.206.76:63791, claimAddress=209.25.143.2:42760, claimToken=[44, 0, 106, -109, -71, -35, 22, 70, -121, 103, 115, -50, 76, -7, 47, -43, 88, -24, 127, -89, 8, 105, -77, -18, 56, 0, 0, 0, 0, 0, 17, 111, 31, 0, 0, 0, 0, 0, 89, 55, 13, 0, 0, 0, 0, 0, 52, 113, -48, 3, 92, -89, 8, 0, 0, 0, 0, 28, 0, 0, 0, 0, 0, 0, 0, 2, 0, 5, 0, 36, 35, 0, 47, 29, 121, 111, 100, 101, 108, 45, 101, 100, 117, 99, 97, 116, 105, 111, 110, 46, 103, 108, 46, 97, 116, 46, 112, 108, 121, 46, 103, 103, 46, 70, -121, 1, -80, 46, -112, -113, -29, -10, -23, -19, 19, 78, 41, -41, 17, 38, -41, -17], tunnelServerId=0, tunnelId=3437008, dataCenterId=28, portOffset=0}
[11:00:08] [Thread-10/INFO]: [gg.playit.minecraft.PlayitManager] starting tcp tunnel for client
[11:00:08] [Thread-10/INFO]: [gg.playit.minecraft.PlayitTcpTunnel] start connection to /209.25.143.2:42760 to claim client
[11:00:08] [nioEventLoopGroup-2-3/INFO]: [gg.playit.minecraft.PlayitTcpTunnel] connected to tunnel server, sending claim token
[11:00:08] [nioEventLoopGroup-2-3/INFO]: [gg.playit.minecraft.PlayitTcpTunnel] claim token sent
[11:00:08] [nioEventLoopGroup-2-3/INFO]: [gg.playit.minecraft.PlayitTcpTunnel] connection to tunnel server has been established
[11:00:08] [nioEventLoopGroup-2-3/INFO]: [gg.playit.minecraft.PlayitTcpTunnel] connecting to minecraft server at localhost/127.0.0.1:25565
[11:00:08] [nioEventLoopGroup-2-4/INFO]: [gg.playit.minecraft.PlayitTcpTunnel] connected to local minecraft server
[11:00:08] [Netty Epoll IO #2/INFO]: [gg.playit.minecraft.PlayitHeaderDecoder] parsed playit header, true client IP: /103.115.206.76:63791
[11:00:08] [Netty Epoll IO #2/INFO]: [gg.playit.minecraft.PlayitHeaderDecoder] updated connection address on handler: packet_handler
[11:00:41] [Thread-10/INFO]: [gg.playit.minecraft.PlayitManager] got new client: NewClient{connectAddr=147.185.221.22:18055, peerAddr=103.115.206.76:63845, claimAddress=209.25.143.2:42760, claimToken=[44, 0, 106, -109, -71, -35, 22, 70, -121, 103, 115, -50, 76, -7, 101, 27, -88, -37, 2, -89, 8, 105, -77, -18, 89, 0, 0, 0, 0, 0, 17, 111, 31, 0, 0, 0, 0, 0, 89, 55, 13, 0, 0, 0, 0, 0, 52, 113, -48, 29, -33, -89, 8, 0, 0, 0, 0, 28, 0, 0, 0, 0, 0, 0, 0, 2, 0, 1, 0, 36, 35, 0, 47, 29, 121, 111, 100, 101, 108, 45, 101, 100, 117, 99, 97, 116, 105, 111, 110, 46, 103, 108, 46, 97, 116, 46, 112, 108, 121, 46, 103, 103, 46, 70, -121, 1, 49, 63, -90, -76, 100, -48, -63, -121, 4, -85, -87, 43, 68, 74, 0, 15], tunnelServerId=0, tunnelId=3437008, dataCenterId=28, portOffset=0}
[11:00:41] [Thread-10/INFO]: [gg.playit.minecraft.PlayitManager] starting tcp tunnel for client
[11:00:41] [Thread-10/INFO]: [gg.playit.minecraft.PlayitTcpTunnel] start connection to /209.25.143.2:42760 to claim client
[11:00:41] [nioEventLoopGroup-2-1/INFO]: [gg.playit.minecraft.PlayitTcpTunnel] connected to tunnel server, sending claim token
[11:00:41] [nioEventLoopGroup-2-1/INFO]: [gg.playit.minecraft.PlayitTcpTunnel] claim token sent
[11:00:41] [nioEventLoopGroup-2-1/INFO]: [gg.playit.minecraft.PlayitTcpTunnel] connection to tunnel server has been established
[11:00:41] [nioEventLoopGroup-2-1/INFO]: [gg.playit.minecraft.PlayitTcpTunnel] connecting to minecraft server at localhost/127.0.0.1:25565
[11:00:41] [nioEventLoopGroup-2-2/INFO]: [gg.playit.minecraft.PlayitTcpTunnel] connected to local minecraft server
[11:00:41] [Netty Epoll IO #3/INFO]: [gg.playit.minecraft.PlayitHeaderDecoder] parsed playit header, true client IP: /103.115.206.76:63845
[11:00:41] [Netty Epoll IO #3/INFO]: [gg.playit.minecraft.PlayitHeaderDecoder] updated connection address on handler: packet_handler
[11:00:57] [Thread-10/INFO]: [gg.playit.minecraft.PlayitManager] got new client: NewClient{connectAddr=147.185.221.22:18055, peerAddr=103.82.78.169:13344, claimAddress=209.25.143.2:42760, claimToken=[44, 0, 108, -109, -71, -35, 22, 70, -121, 103, 82, 78, -87, 52, 32, 93, -106, 24, -101, -89, 8, 105, -77, -18, 105, 0, 0, 0, 0, 0, 17, 111, 31, 0, 0, 0, 0, 0, 89, 55, 13, 0, 0, 0, 0, 0, 52, 113, -48, 79, 118, -89, 8, 0, 0, 0, 0, 28, 0, 0, 0, 0, 0, 0, 0, 2, 0, 0, 0, 38, 37, 0, -122, 6, 30, 121, 111, 100, 101, 108, 45, 101, 100, 117, 99, 97, 116, 105, 111, 110, 46, 103, 108, 46, 106, 111, 105, 110, 109, 99, 46, 108, 105, 110, 107, 99, -35, 1, 10, -86, -74, 127, -11, 126, -35, -2, -106, 109, -111, -93, 21, 16, 118, -58], tunnelServerId=0, tunnelId=3437008, dataCenterId=28, portOffset=0}
[11:00:57] [Thread-10/INFO]: [gg.playit.minecraft.PlayitManager] starting tcp tunnel for client
[11:00:57] [Thread-10/INFO]: [gg.playit.minecraft.PlayitTcpTunnel] start connection to /209.25.143.2:42760 to claim client
[11:00:57] [nioEventLoopGroup-2-3/INFO]: [gg.playit.minecraft.PlayitTcpTunnel] connected to tunnel server, sending claim token
[11:00:57] [nioEventLoopGroup-2-3/INFO]: [gg.playit.minecraft.PlayitTcpTunnel] claim token sent
[11:00:57] [nioEventLoopGroup-2-3/INFO]: [gg.playit.minecraft.PlayitTcpTunnel] connection to tunnel server has been established
[11:00:57] [nioEventLoopGroup-2-3/INFO]: [gg.playit.minecraft.PlayitTcpTunnel] connecting to minecraft server at localhost/127.0.0.1:25565
[11:00:57] [nioEventLoopGroup-2-4/INFO]: [gg.playit.minecraft.PlayitTcpTunnel] connected to local minecraft server
[11:00:57] [Netty Epoll IO #0/INFO]: [gg.playit.minecraft.PlayitHeaderDecoder] parsed playit header, true client IP: /103.82.78.169:13344
[11:00:57] [Netty Epoll IO #0/INFO]: [gg.playit.minecraft.PlayitHeaderDecoder] updated connection address on handler: packet_handler
[11:01:07] [Thread-10/INFO]: [gg.playit.minecraft.PlayitManager] got new client: NewClient{connectAddr=147.185.221.22:18055, peerAddr=103.82.78.169:12416, claimAddress=209.25.143.2:42760, claimToken=[44, 0, 107, -109, -71, -35, 22, 70, -121, 103, 82, 78, -87, 48, -128, 80, 15, -72, 6, -89, 8, 105, -77, -18, 115, 0, 0, 0, 0, 0, 17, 111, 31, 0, 0, 0, 0, 0, 89, 55, 13, 0, 0, 0, 0, 0, 52, 113, -48, -34, -30, -89, 8, 0, 0, 0, 0, 28, 0, 0, 0, 0, 0, 0, 0, 2, 0, 2, 0, 37, 36, 0, -122, 6, 29, 121, 111, 100, 101, 108, 45, 101, 100, 117, 99, 97, 116, 105, 111, 110, 46, 103, 108, 46, 97, 116, 46, 112, 108, 121, 46, 103, 103, 46, 70, -121, 2, -110, -7, 31, -101, 97, -10, 113, 54, -74, -60, -51, -11, 12, 12, 78, -2], tunnelServerId=0, tunnelId=3437008, dataCenterId=28, portOffset=0}
[11:01:07] [Thread-10/INFO]: [gg.playit.minecraft.PlayitManager] starting tcp tunnel for client
[11:01:07] [Thread-10/INFO]: [gg.playit.minecraft.PlayitTcpTunnel] start connection to /209.25.143.2:42760 to claim client
[11:01:07] [nioEventLoopGroup-2-1/INFO]: [gg.playit.minecraft.PlayitTcpTunnel] connected to tunnel server, sending claim token
[11:01:07] [nioEventLoopGroup-2-1/INFO]: [gg.playit.minecraft.PlayitTcpTunnel] claim token sent
[11:01:07] [nioEventLoopGroup-2-1/INFO]: [gg.playit.minecraft.PlayitTcpTunnel] connection to tunnel server has been established
[11:01:07] [nioEventLoopGroup-2-1/INFO]: [gg.playit.minecraft.PlayitTcpTunnel] connecting to minecraft server at localhost/127.0.0.1:25565
[11:01:07] [nioEventLoopGroup-2-2/INFO]: [gg.playit.minecraft.PlayitTcpTunnel] connected to local minecraft server
[11:01:07] [Netty Epoll IO #1/INFO]: [gg.playit.minecraft.PlayitHeaderDecoder] parsed playit header, true client IP: /103.82.78.169:12416
[11:01:07] [Netty Epoll IO #1/INFO]: [gg.playit.minecraft.PlayitHeaderDecoder] updated connection address on handler: packet_handler
[11:01:08] [User Authenticator #11/INFO]: UUID of player LandeepSingh is 30db7395-db70-3869-9c53-3fa288b6f920
[11:01:08] [TAB Processing Thread/INFO]: [TAB] [WARN] Player LandeepSingh's group (none) is not in sorting list! Sorting list: owner,admin,mod,helper,builder,vip,default. Player will be sorted on the bottom.
[11:01:08] [Server thread/INFO]: LandeepSingh joined the game
[11:01:08] [Server thread/INFO]: LandeepSingh[/103.82.78.169:12416] logged in with entity id 75061 at ([world]1298.300000011921, 64.0, 759.3000000119209)
[11:01:14] [Server thread/INFO]: LandeepSingh issued server command: /login <ansh001>
[11:01:28] [Thread-10/INFO]: [gg.playit.control.ChannelSetup] send keep alive
[11:01:45] [Server thread/INFO]: LandeepSingh issued server command: /team warp base
[11:02:45] [Server thread/INFO]: LandeepSingh issued server command: /team home
[11:05:15] [nioEventLoopGroup-2-1/WARN]: [gg.playit.minecraft.PlayitTcpTunnel] failed to send data to tunnel
[11:05:15] [Server thread/INFO]: LandeepSingh lost connection: Disconnected
[11:05:15] [Server thread/INFO]: MUTHAL LandeepSingh left the game
[11:05:18] [Thread-10/INFO]: [gg.playit.minecraft.PlayitManager] got new client: NewClient{connectAddr=147.185.221.22:18055, peerAddr=103.82.78.169:12356, claimAddress=209.25.143.2:42760, claimToken=[44, 0, 108, -109, -71, -35, 22, 70, -121, 103, 82, 78, -87, 48, 68, 38, 70, -46, 4, -89, 8, 105, -77, -17, 110, 0, 0, 0, 0, 0, 17, 111, 31, 0, 0, 0, 0, 0, 89, 55, 13, 0, 0, 0, 0, 0, 52, 113, -48, 105, -33, -89, 8, 0, 0, 0, 0, 28, 0, 0, 0, 0, 0, 0, 0, 2, 0, 1, 0, 38, 37, 0, -122, 6, 30, 121, 111, 100, 101, 108, 45, 101, 100, 117, 99, 97, 116, 105, 111, 110, 46, 103, 108, 46, 106, 111, 105, 110, 109, 99, 46, 108, 105, 110, 107, 99, -35, 1, 75, 78, 111, -100, 21, -62, -46, 92, -82, 89, -81, -123, 36, -29, 4, -11], tunnelServerId=0, tunnelId=3437008, dataCenterId=28, portOffset=0}
[11:05:18] [Thread-10/INFO]: [gg.playit.minecraft.PlayitManager] starting tcp tunnel for client
[11:05:18] [Thread-10/INFO]: [gg.playit.minecraft.PlayitTcpTunnel] start connection to /209.25.143.2:42760 to claim client
[11:05:18] [nioEventLoopGroup-2-3/INFO]: [gg.playit.minecraft.PlayitTcpTunnel] connected to tunnel server, sending claim token
[11:05:18] [nioEventLoopGroup-2-3/INFO]: [gg.playit.minecraft.PlayitTcpTunnel] claim token sent
[11:05:18] [nioEventLoopGroup-2-3/INFO]: [gg.playit.minecraft.PlayitTcpTunnel] connection to tunnel server has been established
[11:05:18] [nioEventLoopGroup-2-3/INFO]: [gg.playit.minecraft.PlayitTcpTunnel] connecting to minecraft server at localhost/127.0.0.1:25565
[11:05:18] [nioEventLoopGroup-2-4/INFO]: [gg.playit.minecraft.PlayitTcpTunnel] connected to local minecraft server
[11:05:18] [Netty Epoll IO #2/INFO]: [gg.playit.minecraft.PlayitHeaderDecoder] parsed playit header, true client IP: /103.82.78.169:12356
[11:05:18] [Netty Epoll IO #2/INFO]: [gg.playit.minecraft.PlayitHeaderDecoder] updated connection address on handler: packet_handler
[11:05:30] [Thread-10/INFO]: [gg.playit.control.ChannelSetup] send keep alive
[11:07:23] [Thread-10/INFO]: [gg.playit.minecraft.PlayitManager] got new client: NewClient{connectAddr=147.185.221.22:18055, peerAddr=182.69.177.162:31340, claimAddress=209.25.143.2:39688, claimToken=[44, 0, 108, -109, -71, -35, 22, 70, -121, -74, 69, -79, -94, 122, 108, 14, -92, -6, -57, -101, 8, 105, -77, -17, -21, 0, 0, 0, 0, 0, 17, 111, 31, 0, 0, 0, 0, 0, 89, 55, 13, 0, 0, 0, 0, 0, 52, 113, -48, -116, -94, -101, 8, 0, 0, 0, 0, 28, 0, 0, 0, 0, 0, 0, 0, 2, 0, 2, 0, 38, 37, 0, -122, 6, 30, 121, 111, 100, 101, 108, 45, 101, 100, 117, 99, 97, 116, 105, 111, 110, 46, 103, 108, 46, 106, 111, 105, 110, 109, 99, 46, 108, 105, 110, 107, 99, -35, 1, -81, -103, 107, -105, -94, 79, -45, 6, -109, -1, -127, -78, -114, 120, 88, -26], tunnelServerId=0, tunnelId=3437008, dataCenterId=28, portOffset=0}
[11:07:23] [Thread-10/INFO]: [gg.playit.minecraft.PlayitManager] starting tcp tunnel for client
[11:07:23] [Thread-10/INFO]: [gg.playit.minecraft.PlayitTcpTunnel] start connection to /209.25.143.2:39688 to claim client
[11:07:23] [nioEventLoopGroup-2-1/INFO]: [gg.playit.minecraft.PlayitTcpTunnel] connected to tunnel server, sending claim token
[11:07:23] [nioEventLoopGroup-2-1/INFO]: [gg.playit.minecraft.PlayitTcpTunnel] claim token sent
[11:07:23] [nioEventLoopGroup-2-1/INFO]: [gg.playit.minecraft.PlayitTcpTunnel] connection to tunnel server has been established
[11:07:23] [nioEventLoopGroup-2-1/INFO]: [gg.playit.minecraft.PlayitTcpTunnel] connecting to minecraft server at localhost/127.0.0.1:25565
[11:07:23] [nioEventLoopGroup-2-2/INFO]: [gg.playit.minecraft.PlayitTcpTunnel] connected to local minecraft server
[11:07:23] [Netty Epoll IO #3/INFO]: [gg.playit.minecraft.PlayitHeaderDecoder] parsed playit header, true client IP: /182.69.177.162:31340
[11:07:23] [Netty Epoll IO #3/INFO]: [gg.playit.minecraft.PlayitHeaderDecoder] updated connection address on handler: packet_handler
[11:07:26] [Thread-10/INFO]: [gg.playit.minecraft.PlayitManager] got new client: NewClient{connectAddr=147.185.221.22:18055, peerAddr=182.69.177.162:13971, claimAddress=209.25.143.2:39688, claimToken=[44, 0, 107, -109, -71, -35, 22, 70, -121, -74, 69, -79, -94, 54, -109, -21, 44, -106, -65, -101, 8, 105, -77, -17, -18, 0, 0, 0, 0, 0, 17, 111, 31, 0, 0, 0, 0, 0, 89, 55, 13, 0, 0, 0, 0, 0, 52, 113, -48, 81, -101, -101, 8, 0, 0, 0, 0, 28, 0, 0, 0, 0, 0, 0, 0, 2, 0, 5, 0, 37, 36, 0, -122, 6, 29, 121, 111, 100, 101, 108, 45, 101, 100, 117, 99, 97, 116, 105, 111, 110, 46, 103, 108, 46, 97, 116, 46, 112, 108, 121, 46, 103, 103, 46, 70, -121, 2, -36, 16, -60, -52, -125, -91, 47, -32, -7, 53, -33, -16, 13, 42, -88, 89], tunnelServerId=0, tunnelId=3437008, dataCenterId=28, portOffset=0}
[11:07:26] [Thread-10/INFO]: [gg.playit.minecraft.PlayitManager] starting tcp tunnel for client
[11:07:26] [Thread-10/INFO]: [gg.playit.minecraft.PlayitTcpTunnel] start connection to /209.25.143.2:39688 to claim client
[11:07:26] [nioEventLoopGroup-2-3/INFO]: [gg.playit.minecraft.PlayitTcpTunnel] connected to tunnel server, sending claim token
[11:07:26] [nioEventLoopGroup-2-3/INFO]: [gg.playit.minecraft.PlayitTcpTunnel] claim token sent
[11:07:26] [nioEventLoopGroup-2-3/INFO]: [gg.playit.minecraft.PlayitTcpTunnel] connection to tunnel server has been established
[11:07:26] [nioEventLoopGroup-2-3/INFO]: [gg.playit.minecraft.PlayitTcpTunnel] connecting to minecraft server at localhost/127.0.0.1:25565
[11:07:26] [nioEventLoopGroup-2-4/INFO]: [gg.playit.minecraft.PlayitTcpTunnel] connected to local minecraft server
[11:07:26] [Netty Epoll IO #0/INFO]: [gg.playit.minecraft.PlayitHeaderDecoder] parsed playit header, true client IP: /182.69.177.162:13971
[11:07:26] [Netty Epoll IO #0/INFO]: [gg.playit.minecraft.PlayitHeaderDecoder] updated connection address on handler: packet_handler
[11:07:27] [User Authenticator #12/INFO]: UUID of player Sam60 is e6ca839e-eb8c-357b-9bba-1fadae31b4aa
[11:07:30] [TAB Processing Thread/INFO]: [TAB] [WARN] Player Sam60's group (none) is not in sorting list! Sorting list: owner,admin,mod,helper,builder,vip,default. Player will be sorted on the bottom.
[11:07:30] [Server thread/INFO]: Sam60 joined the game
[11:07:30] [Server thread/INFO]: Sam60[/182.69.177.162:13971] logged in with entity id 76528 at ([world]1314.6485700376948, 67.0, 754.2968003925251)
[11:07:51] [Server thread/INFO]: Sam60 issued server command: /login 06021606
[11:09:32] [Thread-10/INFO]: [gg.playit.control.ChannelSetup] send keep alive
[11:10:34] [Thread-10/INFO]: [gg.playit.minecraft.PlayitManager] got new client: NewClient{connectAddr=147.185.221.22:18055, peerAddr=103.82.78.169:11540, claimAddress=209.25.143.2:42760, claimToken=[44, 0, 108, -109, -71, -35, 22, 70, -121, 103, 82, 78, -87, 45, 20, 106, 74, -29, 100, -89, 8, 105, -77, -16, -85, 0, 0, 0, 0, 0, 17, 111, 31, 0, 0, 0, 0, 0, 89, 55, 13, 0, 0, 0, 0, 0, 52, 113, -48, 51, 63, -89, 8, 0, 0, 0, 0, 28, 0, 0, 0, 0, 0, 0, 0, 2, 0, 4, 0, 38, 37, 0, -122, 6, 30, 121, 111, 100, 101, 108, 45, 101, 100, 117, 99, 97, 116, 105, 111, 110, 46, 103, 108, 46, 106, 111, 105, 110, 109, 99, 46, 108, 105, 110, 107, 99, -35, 1, -54, -77, -65, -91, -29, -12, 2, -57, 83, -38, 116, 2, -24, -82, 29, -119], tunnelServerId=0, tunnelId=3437008, dataCenterId=28, portOffset=0}
[11:10:34] [Thread-10/INFO]: [gg.playit.minecraft.PlayitManager] starting tcp tunnel for client
[11:10:34] [Thread-10/INFO]: [gg.playit.minecraft.PlayitTcpTunnel] start connection to /209.25.143.2:42760 to claim client
[11:10:34] [nioEventLoopGroup-2-1/INFO]: [gg.playit.minecraft.PlayitTcpTunnel] connected to tunnel server, sending claim token
[11:10:34] [nioEventLoopGroup-2-1/INFO]: [gg.playit.minecraft.PlayitTcpTunnel] claim token sent
[11:10:34] [nioEventLoopGroup-2-1/INFO]: [gg.playit.minecraft.PlayitTcpTunnel] connection to tunnel server has been established
[11:10:34] [nioEventLoopGroup-2-1/INFO]: [gg.playit.minecraft.PlayitTcpTunnel] connecting to minecraft server at localhost/127.0.0.1:25565
[11:10:34] [nioEventLoopGroup-2-2/INFO]: [gg.playit.minecraft.PlayitTcpTunnel] connected to local minecraft server
[11:10:34] [Netty Epoll IO #1/INFO]: [gg.playit.minecraft.PlayitHeaderDecoder] parsed playit header, true client IP: /103.82.78.169:11540
[11:10:34] [Netty Epoll IO #1/INFO]: [gg.playit.minecraft.PlayitHeaderDecoder] updated connection address on handler: packet_handler
[11:10:36] [Thread-10/INFO]: [gg.playit.minecraft.PlayitManager] got new client: NewClient{connectAddr=147.185.221.22:18055, peerAddr=103.82.78.169:12337, claimAddress=209.25.143.2:42760, claimToken=[44, 0, 107, -109, -71, -35, 22, 70, -121, 103, 82, 78, -87, 48, 49, -94, 28, -75, -39, -89, 8, 105, -77, -16, -84, 0, 0, 0, 0, 0, 17, 111, 31, 0, 0, 0, 0, 0, 89, 55, 13, 0, 0, 0, 0, 0, 52, 113, -48, 44, -75, -89, 8, 0, 0, 0, 0, 28, 0, 0, 0, 0, 0, 0, 0, 2, 0, 0, 0, 37, 36, 0, -122, 6, 29, 121, 111, 100, 101, 108, 45, 101, 100, 117, 99, 97, 116, 105, 111, 110, 46, 103, 108, 46, 97, 116, 46, 112, 108, 121, 46, 103, 103, 46, 70, -121, 2, -29, 34, -50, -82, -128, 117, 107, 80, -89, 75, 20, 12, 104, -46, 93, 56], tunnelServerId=0, tunnelId=3437008, dataCenterId=28, portOffset=0}
[11:10:36] [Thread-10/INFO]: [gg.playit.minecraft.PlayitManager] starting tcp tunnel for client
[11:10:36] [Thread-10/INFO]: [gg.playit.minecraft.PlayitTcpTunnel] start connection to /209.25.143.2:42760 to claim client
[11:10:36] [nioEventLoopGroup-2-3/INFO]: [gg.playit.minecraft.PlayitTcpTunnel] connected to tunnel server, sending claim token
[11:10:36] [nioEventLoopGroup-2-3/INFO]: [gg.playit.minecraft.PlayitTcpTunnel] claim token sent
[11:10:36] [nioEventLoopGroup-2-3/INFO]: [gg.playit.minecraft.PlayitTcpTunnel] connection to tunnel server has been established
[11:10:36] [nioEventLoopGroup-2-3/INFO]: [gg.playit.minecraft.PlayitTcpTunnel] connecting to minecraft server at localhost/127.0.0.1:25565
[11:10:36] [nioEventLoopGroup-2-4/INFO]: [gg.playit.minecraft.PlayitTcpTunnel] connected to local minecraft server
[11:10:36] [Netty Epoll IO #2/INFO]: [gg.playit.minecraft.PlayitHeaderDecoder] parsed playit header, true client IP: /103.82.78.169:12337
[11:10:36] [Netty Epoll IO #2/INFO]: [gg.playit.minecraft.PlayitHeaderDecoder] updated connection address on handler: packet_handler
[11:10:36] [User Authenticator #13/INFO]: UUID of player LandeepSingh is 30db7395-db70-3869-9c53-3fa288b6f920
[11:10:38] [TAB Processing Thread/INFO]: [TAB] [WARN] Player LandeepSingh's group (none) is not in sorting list! Sorting list: owner,admin,mod,helper,builder,vip,default. Player will be sorted on the bottom.
[11:10:38] [Server thread/INFO]: LandeepSingh joined the game
[11:10:38] [Server thread/INFO]: LandeepSingh[/103.82.78.169:12337] logged in with entity id 77477 at ([world]1298.300000011921, 64.0, 759.3000000119209)
[11:10:49] [Server thread/INFO]: LandeepSingh issued server command: /login <ansh001>
[11:13:33] [Thread-10/INFO]: [gg.playit.control.ChannelSetup] send keep alive
[11:15:52] [nioEventLoopGroup-2-3/WARN]: [io.netty.channel.DefaultChannelPipeline] An exceptionCaught() event was fired, and it reached at the tail of the pipeline. It usually means the last handler in the pipeline did not handle the exception.
java.net.SocketException: Connection reset
	at java.base/sun.nio.ch.SocketChannelImpl.throwConnectionReset(SocketChannelImpl.java:399) ~[?:?]
	at java.base/sun.nio.ch.SocketChannelImpl.implRead(SocketChannelImpl.java:431) ~[?:?]
	at java.base/sun.nio.ch.SocketChannelImpl.read(SocketChannelImpl.java:489) ~[?:?]
	at io.netty.buffer.AdaptivePoolingAllocator$AdaptiveByteBuf.setBytes(AdaptivePoolingAllocator.java:1824) ~[netty-buffer-4.2.7.Final.jar:4.2.7.Final]
	at io.netty.buffer.AbstractByteBuf.writeBytes(AbstractByteBuf.java:1139) ~[netty-buffer-4.2.7.Final.jar:4.2.7.Final]
	at io.netty.channel.socket.nio.NioSocketChannel.doReadBytes(NioSocketChannel.java:350) ~[netty-transport-4.2.7.Final.jar:4.2.7.Final]
	at io.netty.channel.nio.AbstractNioByteChannel$NioByteUnsafe.read(AbstractNioByteChannel.java:153) ~[netty-transport-4.2.7.Final.jar:4.2.7.Final]
	at io.netty.channel.nio.AbstractNioChannel$AbstractNioUnsafe.handle(AbstractNioChannel.java:445) ~[netty-transport-4.2.7.Final.jar:4.2.7.Final]
	at io.netty.channel.nio.NioIoHandler$DefaultNioRegistration.handle(NioIoHandler.java:388) ~[netty-transport-4.2.7.Final.jar:4.2.7.Final]
	at io.netty.channel.nio.NioIoHandler.processSelectedKey(NioIoHandler.java:596) ~[netty-transport-4.2.7.Final.jar:4.2.7.Final]
	at io.netty.channel.nio.NioIoHandler.processSelectedKeysPlain(NioIoHandler.java:541) ~[netty-transport-4.2.7.Final.jar:4.2.7.Final]
	at io.netty.channel.nio.NioIoHandler.processSelectedKeys(NioIoHandler.java:514) ~[netty-transport-4.2.7.Final.jar:4.2.7.Final]
	at io.netty.channel.nio.NioIoHandler.run(NioIoHandler.java:484) ~[netty-transport-4.2.7.Final.jar:4.2.7.Final]
	at io.netty.channel.SingleThreadIoEventLoop.runIo(SingleThreadIoEventLoop.java:225) ~[netty-transport-4.2.7.Final.jar:4.2.7.Final]
	at io.netty.channel.SingleThreadIoEventLoop.run(SingleThreadIoEventLoop.java:196) ~[netty-transport-4.2.7.Final.jar:4.2.7.Final]
	at io.netty.util.concurrent.SingleThreadEventExecutor$5.run(SingleThreadEventExecutor.java:1193) ~[netty-common-4.2.7.Final.jar:4.2.7.Final]
	at io.netty.util.internal.ThreadExecutorMap$2.run(ThreadExecutorMap.java:74) ~[netty-common-4.2.7.Final.jar:4.2.7.Final]
	at io.netty.util.concurrent.FastThreadLocalRunnable.run(FastThreadLocalRunnable.java:30) ~[netty-common-4.2.7.Final.jar:4.2.7.Final]
	at java.base/java.lang.Thread.run(Thread.java:1474) ~[?:?]
[11:15:52] [nioEventLoopGroup-2-3/WARN]: [gg.playit.minecraft.PlayitTcpTunnel] failed to send data to tunnel
[11:15:53] [Server thread/INFO]: LandeepSingh lost connection: Disconnected
[11:15:53] [Server thread/INFO]: MUTHAL LandeepSingh left the game
[11:15:55] [Thread-10/INFO]: [gg.playit.minecraft.PlayitManager] got new client: NewClient{connectAddr=147.185.221.22:18055, peerAddr=103.82.78.169:13049, claimAddress=209.25.143.2:42760, claimToken=[44, 0, 108, -109, -71, -35, 22, 70, -121, 103, 82, 78, -87, 50, -7, -113, 36, -10, 5, -89, 8, 105, -77, -15, -21, 0, 0, 0, 0, 0, 17, 111, 31, 0, 0, 0, 0, 0, 89, 55, 13, 0, 0, 0, 0, 0, 52, 113, -48, -34, -32, -89, 8, 0, 0, 0, 0, 28, 0, 0, 0, 0, 0, 0, 0, 2, 0, 3, 0, 38, 37, 0, -122, 6, 30, 121, 111, 100, 101, 108, 45, 101, 100, 117, 99, 97, 116, 105, 111, 110, 46, 103, 108, 46, 106, 111, 105, 110, 109, 99, 46, 108, 105, 110, 107, 99, -35, 1, 100, 62, 72, 4, -57, 66, 39, -69, 40, -120, 71, -110, -28, -33, -116, -50], tunnelServerId=0, tunnelId=3437008, dataCenterId=28, portOffset=0}
[11:15:55] [Thread-10/INFO]: [gg.playit.minecraft.PlayitManager] starting tcp tunnel for client
[11:15:55] [Thread-10/INFO]: [gg.playit.minecraft.PlayitTcpTunnel] start connection to /209.25.143.2:42760 to claim client
[11:15:55] [nioEventLoopGroup-2-1/INFO]: [gg.playit.minecraft.PlayitTcpTunnel] connected to tunnel server, sending claim token
[11:15:55] [nioEventLoopGroup-2-1/INFO]: [gg.playit.minecraft.PlayitTcpTunnel] claim token sent
[11:15:55] [nioEventLoopGroup-2-1/INFO]: [gg.playit.minecraft.PlayitTcpTunnel] connection to tunnel server has been established
[11:15:55] [nioEventLoopGroup-2-1/INFO]: [gg.playit.minecraft.PlayitTcpTunnel] connecting to minecraft server at localhost/127.0.0.1:25565
[11:15:55] [nioEventLoopGroup-2-2/INFO]: [gg.playit.minecraft.PlayitTcpTunnel] connected to local minecraft server
[11:15:55] [Netty Epoll IO #3/INFO]: [gg.playit.minecraft.PlayitHeaderDecoder] parsed playit header, true client IP: /103.82.78.169:13049
[11:15:55] [Netty Epoll IO #3/INFO]: [gg.playit.minecraft.PlayitHeaderDecoder] updated connection address on handler: packet_handler
[11:15:56] [Thread-10/INFO]: [gg.playit.minecraft.PlayitManager] got new client: NewClient{connectAddr=147.185.221.22:18055, peerAddr=103.82.78.169:13416, claimAddress=209.25.143.2:42760, claimToken=[44, 0, 107, -109, -71, -35, 22, 70, -121, 103, 82, 78, -87, 52, 104, -100, -121, 60, -35, -89, 8, 105, -77, -15, -20, 0, 0, 0, 0, 0, 17, 111, 31, 0, 0, 0, 0, 0, 89, 55, 13, 0, 0, 0, 0, 0, 52, 113, -48, 67, -71, -89, 8, 0, 0, 0, 0, 28, 0, 0, 0, 0, 0, 0, 0, 2, 0, 4, 0, 37, 36, 0, -122, 6, 29, 121, 111, 100, 101, 108, 45, 101, 100, 117, 99, 97, 116, 105, 111, 110, 46, 103, 108, 46, 97, 116, 46, 112, 108, 121, 46, 103, 103, 46, 70, -121, 2, 15, -90, 83, 124, -70, 109, 78, 101, -23, -83, 95, -2, -21, -73, -50, -39], tunnelServerId=0, tunnelId=3437008, dataCenterId=28, portOffset=0}
[11:15:56] [Thread-10/INFO]: [gg.playit.minecraft.PlayitManager] starting tcp tunnel for client
[11:15:56] [Thread-10/INFO]: [gg.playit.minecraft.PlayitTcpTunnel] start connection to /209.25.143.2:42760 to claim client
[11:15:56] [nioEventLoopGroup-2-3/INFO]: [gg.playit.minecraft.PlayitTcpTunnel] connected to tunnel server, sending claim token
[11:15:56] [nioEventLoopGroup-2-3/INFO]: [gg.playit.minecraft.PlayitTcpTunnel] claim token sent
[11:15:56] [nioEventLoopGroup-2-3/INFO]: [gg.playit.minecraft.PlayitTcpTunnel] connection to tunnel server has been established
[11:15:56] [nioEventLoopGroup-2-3/INFO]: [gg.playit.minecraft.PlayitTcpTunnel] connecting to minecraft server at localhost/127.0.0.1:25565
[11:15:56] [nioEventLoopGroup-2-4/INFO]: [gg.playit.minecraft.PlayitTcpTunnel] connected to local minecraft server
[11:15:56] [Netty Epoll IO #0/INFO]: [gg.playit.minecraft.PlayitHeaderDecoder] parsed playit header, true client IP: /103.82.78.169:13416
[11:15:56] [Netty Epoll IO #0/INFO]: [gg.playit.minecraft.PlayitHeaderDecoder] updated connection address on handler: packet_handler
[11:15:57] [User Authenticator #14/INFO]: UUID of player LandeepSingh is 30db7395-db70-3869-9c53-3fa288b6f920
[11:15:57] [TAB Processing Thread/INFO]: [TAB] [WARN] Player LandeepSingh's group (none) is not in sorting list! Sorting list: owner,admin,mod,helper,builder,vip,default. Player will be sorted on the bottom.
[11:15:57] [Server thread/INFO]: LandeepSingh joined the game
[11:15:57] [Server thread/INFO]: LandeepSingh[/103.82.78.169:13416] logged in with entity id 81240 at ([world]1317.66940488062, 64.09835927353836, 756.0299011959963)
[11:16:02] [Server thread/INFO]: LandeepSingh issued server command: /login <ansh001>
[11:17:35] [Thread-10/INFO]: [gg.playit.control.ChannelSetup] send keep alive
[11:19:24] [Server thread/INFO]: LandeepSingh issued server command: /tpa Sam60
[11:20:41] [Server thread/INFO]: LandeepSingh issued server command: /team warp base
[11:21:36] [Thread-10/INFO]: [gg.playit.control.ChannelSetup] send keep alive
[11:24:13] [nioEventLoopGroup-2-3/WARN]: [gg.playit.minecraft.PlayitTcpTunnel] failed to send data to tunnel
[11:24:13] [Server thread/INFO]: Sam60 lost connection: Disconnected
[11:24:13] [Server thread/INFO]: Noobs Sam60 left the game
[11:24:16] [Thread-10/INFO]: [gg.playit.minecraft.PlayitManager] got new client: NewClient{connectAddr=147.185.221.22:18055, peerAddr=182.69.177.162:28392, claimAddress=209.25.143.2:39688, claimToken=[44, 0, 108, -109, -71, -35, 22, 70, -121, -74, 69, -79, -94, 110, -24, -16, 24, 25, 100, -101, 8, 105, -77, -13, -32, 0, 0, 0, 0, 0, 17, 111, 31, 0, 0, 0, 0, 0, 89, 55, 13, 0, 0, 0, 0, 0, 52, 113, -48, 20, 63, -101, 8, 0, 0, 0, 0, 28, 0, 0, 0, 0, 0, 0, 0, 2, 0, 5, 0, 38, 37, 0, -122, 6, 30, 121, 111, 100, 101, 108, 45, 101, 100, 117, 99, 97, 116, 105, 111, 110, 46, 103, 108, 46, 106, 111, 105, 110, 109, 99, 46, 108, 105, 110, 107, 99, -35, 1, -24, -52, 25, 115, 99, 91, 19, -65, -90, 65, 109, -73, 70, 5, 111, -39], tunnelServerId=0, tunnelId=3437008, dataCenterId=28, portOffset=0}
[11:24:16] [Thread-10/INFO]: [gg.playit.minecraft.PlayitManager] starting tcp tunnel for client
[11:24:16] [Thread-10/INFO]: [gg.playit.minecraft.PlayitTcpTunnel] start connection to /209.25.143.2:39688 to claim client
[11:24:16] [nioEventLoopGroup-2-1/INFO]: [gg.playit.minecraft.PlayitTcpTunnel] connected to tunnel server, sending claim token
[11:24:16] [nioEventLoopGroup-2-1/INFO]: [gg.playit.minecraft.PlayitTcpTunnel] claim token sent
[11:24:16] [nioEventLoopGroup-2-1/INFO]: [gg.playit.minecraft.PlayitTcpTunnel] connection to tunnel server has been established
[11:24:16] [nioEventLoopGroup-2-1/INFO]: [gg.playit.minecraft.PlayitTcpTunnel] connecting to minecraft server at localhost/127.0.0.1:25565
[11:24:16] [nioEventLoopGroup-2-2/INFO]: [gg.playit.minecraft.PlayitTcpTunnel] connected to local minecraft server
[11:24:16] [Netty Epoll IO #1/INFO]: [gg.playit.minecraft.PlayitHeaderDecoder] parsed playit header, true client IP: /182.69.177.162:28392
[11:24:16] [Netty Epoll IO #1/INFO]: [gg.playit.minecraft.PlayitHeaderDecoder] updated connection address on handler: packet_handler
[11:25:37] [Thread-10/INFO]: [gg.playit.control.ChannelSetup] send keep alive
[11:27:08] [Thread-10/INFO]: [gg.playit.minecraft.PlayitManager] got new client: NewClient{connectAddr=147.185.221.22:18055, peerAddr=182.69.177.162:6079, claimAddress=209.25.143.2:39688, claimToken=[44, 0, 115, -109, -71, -35, 22, 99, -35, -74, 69, -79, -94, 23, -65, -8, -18, 99, 119, -101, 8, 105, -77, -12, -116, 0, 0, 0, 0, 0, 17, 111, 31, 0, 0, 0, 0, 0, 89, 55, 13, 0, 0, 0, 0, 0, 52, 113, -48, -79, 82, -101, 8, 1, 4, -109, -71, -35, 22, 70, -121, 0, 0, 0, 28, 0, 0, 0, 0, 0, 0, 0, 2, 0, 1, 0, 38, 37, 0, -122, 6, 30, 121, 111, 100, 101, 108, 45, 101, 100, 117, 99, 97, 116, 105, 111, 110, 46, 103, 108, 46, 106, 111, 105, 110, 109, 99, 46, 108, 105, 110, 107, 99, -35, 1, -6, 44, 3, 57, 31, 75, 51, 13, 97, 53, 84, 49, -1, -82, 61, 127], tunnelServerId=0, tunnelId=3437008, dataCenterId=28, portOffset=0}
[11:27:08] [Thread-10/INFO]: [gg.playit.minecraft.PlayitManager] starting tcp tunnel for client
[11:27:08] [Thread-10/INFO]: [gg.playit.minecraft.PlayitTcpTunnel] start connection to /209.25.143.2:39688 to claim client
[11:27:08] [nioEventLoopGroup-2-3/INFO]: [gg.playit.minecraft.PlayitTcpTunnel] connected to tunnel server, sending claim token
[11:27:08] [nioEventLoopGroup-2-3/INFO]: [gg.playit.minecraft.PlayitTcpTunnel] claim token sent
[11:27:08] [nioEventLoopGroup-2-3/INFO]: [gg.playit.minecraft.PlayitTcpTunnel] connection to tunnel server has been established
[11:27:08] [nioEventLoopGroup-2-3/INFO]: [gg.playit.minecraft.PlayitTcpTunnel] connecting to minecraft server at localhost/127.0.0.1:25565
[11:27:08] [nioEventLoopGroup-2-4/INFO]: [gg.playit.minecraft.PlayitTcpTunnel] connected to local minecraft server
[11:27:08] [Netty Epoll IO #2/INFO]: [gg.playit.minecraft.PlayitHeaderDecoder] parsed playit header, true client IP: /182.69.177.162:6079
[11:27:08] [Netty Epoll IO #2/INFO]: [gg.playit.minecraft.PlayitHeaderDecoder] updated connection address on handler: packet_handler
[11:27:08] [Thread-10/INFO]: [gg.playit.minecraft.PlayitManager] got new client: NewClient{connectAddr=147.185.221.22:18055, peerAddr=182.69.177.162:5699, claimAddress=209.25.143.2:39688, claimToken=[44, 0, 107, -109, -71, -35, 22, 70, -121, -74, 69, -79, -94, 22, 67, 120, 7, 88, 0, -101, 8, 105, -77, -12, -115, 0, 0, 0, 0, 0, 17, 111, 31, 0, 0, 0, 0, 0, 89, 55, 13, 0, 0, 0, 0, 0, 52, 113, -48, 104, -36, -101, 8, 0, 0, 0, 0, 28, 0, 0, 0, 0, 0, 0, 0, 2, 0, 4, 0, 37, 36, 0, -122, 6, 29, 121, 111, 100, 101, 108, 45, 101, 100, 117, 99, 97, 116, 105, 111, 110, 46, 103, 108, 46, 97, 116, 46, 112, 108, 121, 46, 103, 103, 46, 70, -121, 2, 124, 127, -41, -81, 117, -31, 65, 109, -46, -4, 14, 105, 21, -116, -79, 49], tunnelServerId=0, tunnelId=3437008, dataCenterId=28, portOffset=0}
[11:27:08] [Thread-10/INFO]: [gg.playit.minecraft.PlayitManager] starting tcp tunnel for client
[11:27:08] [Thread-10/INFO]: [gg.playit.minecraft.PlayitTcpTunnel] start connection to /209.25.143.2:39688 to claim client
[11:27:09] [nioEventLoopGroup-2-1/INFO]: [gg.playit.minecraft.PlayitTcpTunnel] connected to tunnel server, sending claim token
[11:27:09] [nioEventLoopGroup-2-1/INFO]: [gg.playit.minecraft.PlayitTcpTunnel] claim token sent
[11:27:09] [nioEventLoopGroup-2-1/INFO]: [gg.playit.minecraft.PlayitTcpTunnel] connection to tunnel server has been established
[11:27:09] [nioEventLoopGroup-2-1/INFO]: [gg.playit.minecraft.PlayitTcpTunnel] connecting to minecraft server at localhost/127.0.0.1:25565
[11:27:09] [nioEventLoopGroup-2-2/INFO]: [gg.playit.minecraft.PlayitTcpTunnel] connected to local minecraft server
[11:27:09] [Netty Epoll IO #3/INFO]: [gg.playit.minecraft.PlayitHeaderDecoder] parsed playit header, true client IP: /182.69.177.162:5699
[11:27:09] [Netty Epoll IO #3/INFO]: [gg.playit.minecraft.PlayitHeaderDecoder] updated connection address on handler: packet_handler
[11:27:09] [User Authenticator #15/INFO]: UUID of player Sam60 is e6ca839e-eb8c-357b-9bba-1fadae31b4aa
[11:27:11] [TAB Processing Thread/INFO]: [TAB] [WARN] Player Sam60's group (none) is not in sorting list! Sorting list: owner,admin,mod,helper,builder,vip,default. Player will be sorted on the bottom.
[11:27:11] [Server thread/INFO]: Sam60 joined the game
[11:27:11] [Server thread/INFO]: Sam60[/182.69.177.162:5699] logged in with entity id 86951 at ([world]92.85836978518054, 63.0, 513.5602107051559)
[11:27:25] [Server thread/INFO]: Sam60 issued server command: /login 06021606
